{"v":"4.5.6","fr":30,"ip":0,"op":31,"w":112,"h":112,"ddd":0,"assets":[{"id":"comp_0","layers":[{"ddd":0,"ind":1,"ty":0,"nm":"Pop_dot Comp red","refId":"comp_1","ks":{"o":{"a":0,"k":100},"r":{"a":0,"k":-194.021},"p":{"a":0,"k":[405,369,0]},"a":{"a":0,"k":[200,400,0]},"s":{"a":0,"k":[66,66,100]}},"ao":0,"w":400,"h":400,"ip":0,"op":25,"st":0,"bm":0,"sr":1},{"ddd":0,"ind":2,"ty":0,"nm":"Pop_dot Comp red","refId":"comp_1","ks":{"o":{"a":0,"k":100},"r":{"a":0,"k":-17.066},"p":{"a":0,"k":[365,369,0]},"a":{"a":0,"k":[200,400,0]},"s":{"a":0,"k":[74,74,100]}},"ao":0,"w":400,"h":400,"ip":2,"op":27,"st":2,"bm":0,"sr":1},{"ddd":0,"ind":4,"ty":0,"nm":"Pop_dot Comp 1","refId":"comp_2","ks":{"o":{"a":0,"k":100},"r":{"a":0,"k":105.142},"p":{"a":0,"k":[365,369,0]},"a":{"a":0,"k":[200,400,0]},"s":{"a":0,"k":[82,82,100]}},"ao":0,"w":400,"h":400,"ip":2,"op":27,"st":2,"bm":0,"sr":1},{"ddd":0,"ind":5,"ty":0,"nm":"Pop_dot Comp 1","refId":"comp_2","ks":{"o":{"a":0,"k":100},"r":{"a":0,"k":260.863},"p":{"a":0,"k":[371,369,0]},"a":{"a":0,"k":[200,400,0]},"s":{"a":0,"k":[86,86,100]}},"ao":0,"w":400,"h":400,"ip":5,"op":30,"st":5,"bm":0,"sr":1},{"ddd":0,"ind":6,"ty":0,"nm":"Pop_dot Comp 1","refId":"comp_2","ks":{"o":{"a":0,"k":100},"r":{"a":0,"k":181.862},"p":{"a":0,"k":[371,369,0]},"a":{"a":0,"k":[200,400,0]},"s":{"a":0,"k":[91,91,100]}},"ao":0,"w":400,"h":400,"ip":3,"op":28,"st":3,"bm":0,"sr":1},{"ddd":0,"ind":7,"ty":0,"nm":"Pop_dot Comp 1","refId":"comp_2","ks":{"o":{"a":0,"k":100},"r":{"a":0,"k":8.552},"p":{"a":0,"k":[375,401,0]},"a":{"a":0,"k":[200,400,0]},"s":{"a":0,"k":[100,100,100]}},"ao":0,"w":400,"h":400,"ip":0,"op":25,"st":0,"bm":0,"sr":1},{"ddd":0,"ind":8,"ty":0,"nm":"Pop_line","refId":"comp_3","ks":{"o":{"a":0,"k":100},"r":{"a":0,"k":86.566},"p":{"a":0,"k":[385,429,0]},"a":{"a":0,"k":[0,750,0]},"s":{"a":0,"k":[38,38,100]}},"ao":0,"w":750,"h":750,"ip":3,"op":15,"st":0,"bm":0,"sr":1},{"ddd":0,"ind":9,"ty":0,"nm":"Pop_line","refId":"comp_3","ks":{"o":{"a":0,"k":100},"r":{"a":0,"k":-178.899},"p":{"a":0,"k":[351,417,0]},"a":{"a":0,"k":[0,750,0]},"s":{"a":0,"k":[35,35,100]}},"ao":0,"w":750,"h":750,"ip":5,"op":17,"st":2,"bm":0,"sr":1},{"ddd":0,"ind":10,"ty":0,"nm":"Pop_line","refId":"comp_3","ks":{"o":{"a":0,"k":100},"r":{"a":0,"k":-82.129},"p":{"a":0,"k":[307,379,0]},"a":{"a":0,"k":[0,750,0]},"s":{"a":0,"k":[38,38,100]}},"ao":0,"w":750,"h":750,"ip":4,"op":16,"st":1,"bm":0,"sr":1},{"ddd":0,"ind":11,"ty":0,"nm":"Pop_line","refId":"comp_3","ks":{"o":{"a":0,"k":100},"r":{"a":0,"k":0},"p":{"a":0,"k":[385,355,0]},"a":{"a":0,"k":[0,750,0]},"s":{"a":0,"k":[35,35,100]}},"ao":0,"w":750,"h":750,"ip":3,"op":15,"st":0,"bm":0,"sr":1}]},{"id":"comp_1","layers":[{"ddd":0,"ind":0,"ty":4,"nm":"Pop_dot","ks":{"o":{"a":1,"k":[{"i":{"x":[0.833],"y":[0.833]},"o":{"x":[0.167],"y":[0.167]},"n":["0p833_0p833_0p167_0p167"],"t":0,"s":[0],"e":[100]},{"i":{"x":[0.667],"y":[0.667]},"o":{"x":[0.167],"y":[0.167]},"n":["0p667_0p667_0p167_0p167"],"t":0.9,"s":[100],"e":[100]},{"i":{"x":[0.667],"y":[1]},"o":{"x":[0.333],"y":[0]},"n":["0p667_1_0p333_0"],"t":9,"s":[100],"e":[0]},{"t":14}]},"r":{"a":0,"k":0},"p":{"a":1,"k":[{"i":{"x":0,"y":1},"o":{"x":0.167,"y":0.167},"n":"0_1_0p167_0p167","t":0,"s":[200,371,0],"e":[200,51,0],"to":[0,-53.3333320617676,0],"ti":[0,53.3333320617676,0]},{"t":18}]},"a":{"a":0,"k":[-19.617,0,0]},"s":{"a":1,"k":[{"i":{"x":[0.833,0.833,0.833],"y":[0.833,0.833,0.833]},"o":{"x":[0.167,0.167,0.167],"y":[0.167,0.167,0.167]},"n":["0p833_0p833_0p167_0p167","0p833_0p833_0p167_0p167","0p833_0p833_0p167_0p167"],"t":0,"s":[50,50,100],"e":[75,75,100]},{"i":{"x":[0.667,0.667,0.667],"y":[1,1,0.667]},"o":{"x":[0.167,0.167,0.167],"y":[0.167,0.167,0.167]},"n":["0p667_1_0p167_0p167","0p667_1_0p167_0p167","0p667_0p667_0p167_0p167"],"t":1.8,"s":[75,75,100],"e":[150,150,100]},{"i":{"x":[0.833,0.833,0.833],"y":[0.833,0.833,0.833]},"o":{"x":[0.333,0.333,0.333],"y":[0,0,0.333]},"n":["0p833_0p833_0p333_0","0p833_0p833_0p333_0","0p833_0p833_0p333_0p333"],"t":10,"s":[150,150,100],"e":[50,50,100]},{"t":16}]}},"ao":0,"shapes":[{"ty":"gr","it":[{"d":1,"ty":"el","s":{"a":0,"k":[54.047,54.047]},"p":{"a":0,"k":[0,0]},"nm":"Ellipse Path 1","mn":"ADBE Vector Shape - Ellipse"},{"ty":"st","c":{"a":0,"k":[1,1,1,1]},"o":{"a":0,"k":100},"w":{"a":0,"k":0},"lc":1,"lj":1,"ml":4,"nm":"Stroke 1","mn":"ADBE Vector Graphic - Stroke"},{"ty":"fl","c":{"a":0,"k":[0.9,0,0,1]},"o":{"a":0,"k":100},"nm":"Fill 1","mn":"ADBE Vector Graphic - Fill"},{"ty":"tr","p":{"a":0,"k":[-19.617,-1],"ix":2},"a":{"a":0,"k":[0,0],"ix":1},"s":{"a":0,"k":[100,100],"ix":3},"r":{"a":0,"k":0,"ix":6},"o":{"a":0,"k":100,"ix":7},"sk":{"a":0,"k":0,"ix":4},"sa":{"a":0,"k":0,"ix":5},"nm":"Transform"}],"nm":"Ellipse 1","np":3,"mn":"ADBE Vector Group"}],"ip":0,"op":25,"st":0,"bm":0,"sr":1}]},{"id":"comp_2","layers":[{"ddd":0,"ind":0,"ty":4,"nm":"Pop_dot","ks":{"o":{"a":1,"k":[{"i":{"x":[0.833],"y":[0.833]},"o":{"x":[0.167],"y":[0.167]},"n":["0p833_0p833_0p167_0p167"],"t":0,"s":[0],"e":[100]},{"i":{"x":[0.667],"y":[0.667]},"o":{"x":[0.167],"y":[0.167]},"n":["0p667_0p667_0p167_0p167"],"t":0.9,"s":[100],"e":[100]},{"i":{"x":[0.667],"y":[1]},"o":{"x":[0.333],"y":[0]},"n":["0p667_1_0p333_0"],"t":9,"s":[100],"e":[0]},{"t":14}]},"r":{"a":0,"k":0},"p":{"a":1,"k":[{"i":{"x":0,"y":1},"o":{"x":0.167,"y":0.167},"n":"0_1_0p167_0p167","t":0,"s":[200,371,0],"e":[200,51,0],"to":[0,-53.3333320617676,0],"ti":[0,53.3333320617676,0]},{"t":18}]},"a":{"a":0,"k":[-19.617,0,0]},"s":{"a":1,"k":[{"i":{"x":[0.833,0.833,0.833],"y":[0.833,0.833,0.833]},"o":{"x":[0.167,0.167,0.167],"y":[0.167,0.167,0.167]},"n":["0p833_0p833_0p167_0p167","0p833_0p833_0p167_0p167","0p833_0p833_0p167_0p167"],"t":0,"s":[50,50,100],"e":[75,75,100]},{"i":{"x":[0.667,0.667,0.667],"y":[1,1,0.667]},"o":{"x":[0.167,0.167,0.167],"y":[0.167,0.167,0.167]},"n":["0p667_1_0p167_0p167","0p667_1_0p167_0p167","0p667_0p667_0p167_0p167"],"t":1.8,"s":[75,75,100],"e":[150,150,100]},{"i":{"x":[0.833,0.833,0.833],"y":[0.833,0.833,0.833]},"o":{"x":[0.333,0.333,0.333],"y":[0,0,0.333]},"n":["0p833_0p833_0p333_0","0p833_0p833_0p333_0","0p833_0p833_0p333_0p333"],"t":10,"s":[150,150,100],"e":[50,50,100]},{"t":16}]}},"ao":0,"shapes":[{"ty":"gr","it":[{"d":1,"ty":"el","s":{"a":0,"k":[54.047,54.047]},"p":{"a":0,"k":[0,0]},"nm":"Ellipse Path 1","mn":"ADBE Vector Shape - Ellipse"},{"ty":"st","c":{"a":0,"k":[1,1,1,1]},"o":{"a":0,"k":100},"w":{"a":0,"k":0},"lc":1,"lj":1,"ml":4,"nm":"Stroke 1","mn":"ADBE Vector Graphic - Stroke"},{"ty":"fl","c":{"a":0,"k":[1,1,1,1]},"o":{"a":0,"k":100},"nm":"Fill 1","mn":"ADBE Vector Graphic - Fill"},{"ty":"tr","p":{"a":0,"k":[-19.617,-1],"ix":2},"a":{"a":0,"k":[0,0],"ix":1},"s":{"a":0,"k":[100,100],"ix":3},"r":{"a":0,"k":0,"ix":6},"o":{"a":0,"k":100,"ix":7},"sk":{"a":0,"k":0,"ix":4},"sa":{"a":0,"k":0,"ix":5},"nm":"Transform"}],"nm":"Ellipse 1","np":3,"mn":"ADBE Vector Group"}],"ip":0,"op":25,"st":0,"bm":0,"sr":1}]},{"id":"comp_3","layers":[{"ddd":0,"ind":0,"ty":4,"nm":"Shape Layer 6","ks":{"o":{"a":1,"k":[{"i":{"x":[0.667],"y":[1]},"o":{"x":[0.333],"y":[0]},"n":["0p667_1_0p333_0"],"t":5,"s":[100],"e":[0]},{"t":10}]},"r":{"a":0,"k":0},"p":{"a":0,"k":[375,375,0]},"a":{"a":0,"k":[163,-161,0]},"s":{"a":0,"k":[100,100,100]}},"ao":0,"shapes":[{"ty":"gr","it":[{"ind":0,"ty":"sh","ks":{"a":0,"k":{"i":[[0,0],[0,0]],"o":[[0,0],[0,0]],"v":[[495,-495],[-178,178]],"c":false}},"nm":"Path 1","mn":"ADBE Vector Shape - Group"},{"ty":"st","c":{"a":0,"k":[1,1,1,1]},"o":{"a":0,"k":100},"w":{"a":0,"k":60},"lc":2,"lj":1,"ml":4,"nm":"Stroke 1","mn":"ADBE Vector Graphic - Stroke"},{"ty":"fl","c":{"a":0,"k":[0,0,0,1]},"o":{"a":0,"k":100},"nm":"Fill 1","mn":"ADBE Vector Graphic - Fill"},{"ty":"tr","p":{"a":0,"k":[0,0],"ix":2},"a":{"a":0,"k":[0,0],"ix":1},"s":{"a":0,"k":[100,100],"ix":3},"r":{"a":0,"k":0,"ix":6},"o":{"a":0,"k":100,"ix":7},"sk":{"a":0,"k":0,"ix":4},"sa":{"a":0,"k":0,"ix":5},"nm":"Transform"}],"nm":"Shape 1","np":3,"mn":"ADBE Vector Group"},{"ty":"tm","s":{"a":1,"k":[{"i":{"x":[0.15],"y":[1]},"o":{"x":[0.167],"y":[0.167]},"n":["0p15_1_0p167_0p167"],"t":3,"s":[100],"e":[0]},{"t":11}],"ix":1},"e":{"a":1,"k":[{"i":{"x":[0.15],"y":[1]},"o":{"x":[0.167],"y":[0.167]},"n":["0p15_1_0p167_0p167"],"t":0,"s":[100],"e":[0]},{"t":11}],"ix":2},"o":{"a":0,"k":0,"ix":3},"m":1,"ix":2,"nm":"Trim Paths 1","mn":"ADBE Vector Filter - Trim"}],"ip":0,"op":10,"st":0,"bm":0,"sr":1}]}],"layers":[{"ddd":0,"ind":0,"ty":0,"nm":"Pop isolated (JSON)","refId":"comp_0","ks":{"o":{"a":0,"k":100},"r":{"a":0,"k":0},"p":{"a":0,"k":[56,56,0]},"a":{"a":0,"k":[375,375,0]},"s":{"a":0,"k":[-15,15,100]}},"ao":0,"w":750,"h":750,"ip":0,"op":31,"st":0,"bm":0,"sr":1}]}