{"v":"4.10.2","fr":30,"ip":0,"op":240,"w":100,"h":100,"nm":"White VF keyline loop @1x (offset paths)(easing)(100)(P2)","ddd":0,"assets":[],"layers":[{"ddd":0,"ind":1,"ty":4,"nm":"vf_icon Outlines 8","sr":1,"ks":{"o":{"a":0,"k":100,"ix":11},"r":{"a":0,"k":0,"ix":10},"p":{"a":0,"k":[49.458,49.19,0],"ix":2},"a":{"a":0,"k":[539.458,512.19,0],"ix":1},"s":{"a":0,"k":[30,30,100],"ix":6}},"ao":0,"shapes":[{"ind":0,"ty":"sh","ix":1,"ks":{"a":0,"k":{"i":[[50.231,-0.167],[0.185,55.761],[-25.431,21.058],[-30.819,0.102],[-2.54,-0.859],[-0.099,-28.452],[-0.092,-0.468],[-0.125,-37.646]],"o":[[-40.688,0.135],[-0.123,-36.875],[24.804,-20.54],[3.967,-0.013],[-26.947,5.589],[0.003,0.94],[45.092,10.983],[0.125,37.646]],"v":[[541.146,620.992],[457.942,530.64],[503.144,437.211],[592.749,403.388],[603.405,404.565],[555.106,463.683],[555.286,466.096],[620.973,541.932]],"c":true},"ix":2},"nm":"Path 1","mn":"ADBE Vector Shape - Group","hd":false},{"ty":"st","c":{"a":0,"k":[1,1,1,1],"ix":3},"o":{"a":0,"k":100,"ix":4},"w":{"a":0,"k":12,"ix":5},"lc":2,"lj":2,"nm":"Stroke 1","mn":"ADBE Vector Graphic - Stroke","hd":false},{"ty":"tm","s":{"a":1,"k":[{"i":{"x":[0.5],"y":[1]},"o":{"x":[0.4],"y":[0]},"n":["0p5_1_0p4_0"],"t":0,"s":[99.5],"e":[0]},{"i":{"x":[0.833],"y":[1]},"o":{"x":[0.167],"y":[0]},"n":["0p833_1_0p167_0"],"t":37,"s":[0],"e":[0]},{"t":59}],"ix":1},"e":{"a":1,"k":[{"i":{"x":[0.833],"y":[1]},"o":{"x":[0.167],"y":[0]},"n":["0p833_1_0p167_0"],"t":0,"s":[100],"e":[100]},{"i":{"x":[0.5],"y":[1]},"o":{"x":[0.4],"y":[0]},"n":["0p5_1_0p4_0"],"t":25,"s":[100],"e":[0.5]},{"t":59}],"ix":2},"o":{"a":1,"k":[{"i":{"x":[0.833],"y":[0.833]},"o":{"x":[0.167],"y":[0.167]},"n":["0p833_0p833_0p167_0p167"],"t":0,"s":[138],"e":[48]},{"t":59}],"ix":3},"m":1,"ix":4,"nm":"Trim Paths 1","mn":"ADBE Vector Filter - Trim","hd":false}],"ip":0,"op":60,"st":0,"bm":0},{"ddd":0,"ind":2,"ty":4,"nm":"vf_icon Outlines 9","sr":1,"ks":{"o":{"a":0,"k":100,"ix":11},"r":{"a":0,"k":0,"ix":10},"p":{"a":0,"k":[49.458,49.19,0],"ix":2},"a":{"a":0,"k":[539.458,512.19,0],"ix":1},"s":{"a":0,"k":[30,30,100],"ix":6}},"ao":0,"shapes":[{"ind":0,"ty":"sh","ix":1,"ks":{"a":0,"k":{"i":[[50.231,-0.167],[0.185,55.761],[-25.431,21.058],[-30.819,0.102],[-2.54,-0.859],[-0.099,-28.452],[-0.092,-0.468],[-0.125,-37.646]],"o":[[-40.688,0.135],[-0.123,-36.875],[24.804,-20.54],[3.967,-0.013],[-26.947,5.589],[0.003,0.94],[45.092,10.983],[0.125,37.646]],"v":[[541.146,620.992],[457.942,530.64],[503.144,437.211],[592.749,403.388],[603.405,404.565],[555.106,463.683],[555.286,466.096],[620.973,541.932]],"c":true},"ix":2},"nm":"Path 1","mn":"ADBE Vector Shape - Group","hd":false},{"ty":"st","c":{"a":0,"k":[1,1,1,1],"ix":3},"o":{"a":0,"k":100,"ix":4},"w":{"a":0,"k":12,"ix":5},"lc":2,"lj":2,"nm":"Stroke 1","mn":"ADBE Vector Graphic - Stroke","hd":false},{"ty":"tm","s":{"a":1,"k":[{"i":{"x":[0.5],"y":[1]},"o":{"x":[0.4],"y":[0]},"n":["0p5_1_0p4_0"],"t":60,"s":[99.5],"e":[0]},{"i":{"x":[0.833],"y":[1]},"o":{"x":[0.167],"y":[0]},"n":["0p833_1_0p167_0"],"t":97,"s":[0],"e":[0]},{"t":119}],"ix":1},"e":{"a":1,"k":[{"i":{"x":[0.833],"y":[1]},"o":{"x":[0.167],"y":[0]},"n":["0p833_1_0p167_0"],"t":60,"s":[100],"e":[100]},{"i":{"x":[0.5],"y":[1]},"o":{"x":[0.4],"y":[0]},"n":["0p5_1_0p4_0"],"t":85,"s":[100],"e":[0.5]},{"t":119}],"ix":2},"o":{"a":1,"k":[{"i":{"x":[0.833],"y":[0.833]},"o":{"x":[0.167],"y":[0.167]},"n":["0p833_0p833_0p167_0p167"],"t":60,"s":[48],"e":[-42]},{"t":119}],"ix":3},"m":1,"ix":4,"nm":"Trim Paths 1","mn":"ADBE Vector Filter - Trim","hd":false}],"ip":60,"op":120,"st":60,"bm":0},{"ddd":0,"ind":3,"ty":4,"nm":"vf_icon Outlines 10","sr":1,"ks":{"o":{"a":0,"k":100,"ix":11},"r":{"a":0,"k":0,"ix":10},"p":{"a":0,"k":[49.458,49.19,0],"ix":2},"a":{"a":0,"k":[539.458,512.19,0],"ix":1},"s":{"a":0,"k":[30,30,100],"ix":6}},"ao":0,"shapes":[{"ind":0,"ty":"sh","ix":1,"ks":{"a":0,"k":{"i":[[50.231,-0.167],[0.185,55.761],[-25.431,21.058],[-30.819,0.102],[-2.54,-0.859],[-0.099,-28.452],[-0.092,-0.468],[-0.125,-37.646]],"o":[[-40.688,0.135],[-0.123,-36.875],[24.804,-20.54],[3.967,-0.013],[-26.947,5.589],[0.003,0.94],[45.092,10.983],[0.125,37.646]],"v":[[541.146,620.992],[457.942,530.64],[503.144,437.211],[592.749,403.388],[603.405,404.565],[555.106,463.683],[555.286,466.096],[620.973,541.932]],"c":true},"ix":2},"nm":"Path 1","mn":"ADBE Vector Shape - Group","hd":false},{"ty":"st","c":{"a":0,"k":[1,1,1,1],"ix":3},"o":{"a":0,"k":100,"ix":4},"w":{"a":0,"k":12,"ix":5},"lc":2,"lj":2,"nm":"Stroke 1","mn":"ADBE Vector Graphic - Stroke","hd":false},{"ty":"tm","s":{"a":1,"k":[{"i":{"x":[0.5],"y":[1]},"o":{"x":[0.4],"y":[0]},"n":["0p5_1_0p4_0"],"t":120,"s":[99.5],"e":[0]},{"i":{"x":[0.833],"y":[1]},"o":{"x":[0.167],"y":[0]},"n":["0p833_1_0p167_0"],"t":157,"s":[0],"e":[0]},{"t":179}],"ix":1},"e":{"a":1,"k":[{"i":{"x":[0.833],"y":[1]},"o":{"x":[0.167],"y":[0]},"n":["0p833_1_0p167_0"],"t":120,"s":[100],"e":[100]},{"i":{"x":[0.5],"y":[1]},"o":{"x":[0.4],"y":[0]},"n":["0p5_1_0p4_0"],"t":145,"s":[100],"e":[0.5]},{"t":179}],"ix":2},"o":{"a":1,"k":[{"i":{"x":[0.833],"y":[0.833]},"o":{"x":[0.167],"y":[0.167]},"n":["0p833_0p833_0p167_0p167"],"t":120,"s":[-42],"e":[-132]},{"t":179}],"ix":3},"m":1,"ix":4,"nm":"Trim Paths 1","mn":"ADBE Vector Filter - Trim","hd":false}],"ip":120,"op":180,"st":120,"bm":0},{"ddd":0,"ind":4,"ty":4,"nm":"vf_icon Outlines 11","sr":1,"ks":{"o":{"a":0,"k":100,"ix":11},"r":{"a":0,"k":0,"ix":10},"p":{"a":0,"k":[49.458,49.19,0],"ix":2},"a":{"a":0,"k":[539.458,512.19,0],"ix":1},"s":{"a":0,"k":[30,30,100],"ix":6}},"ao":0,"shapes":[{"ind":0,"ty":"sh","ix":1,"ks":{"a":0,"k":{"i":[[50.231,-0.167],[0.185,55.761],[-25.431,21.058],[-30.819,0.102],[-2.54,-0.859],[-0.099,-28.452],[-0.092,-0.468],[-0.125,-37.646]],"o":[[-40.688,0.135],[-0.123,-36.875],[24.804,-20.54],[3.967,-0.013],[-26.947,5.589],[0.003,0.94],[45.092,10.983],[0.125,37.646]],"v":[[541.146,620.992],[457.942,530.64],[503.144,437.211],[592.749,403.388],[603.405,404.565],[555.106,463.683],[555.286,466.096],[620.973,541.932]],"c":true},"ix":2},"nm":"Path 1","mn":"ADBE Vector Shape - Group","hd":false},{"ty":"st","c":{"a":0,"k":[1,1,1,1],"ix":3},"o":{"a":0,"k":100,"ix":4},"w":{"a":0,"k":12,"ix":5},"lc":2,"lj":2,"nm":"Stroke 1","mn":"ADBE Vector Graphic - Stroke","hd":false},{"ty":"tm","s":{"a":1,"k":[{"i":{"x":[0.5],"y":[1]},"o":{"x":[0.4],"y":[0]},"n":["0p5_1_0p4_0"],"t":180,"s":[99.5],"e":[0]},{"i":{"x":[0.833],"y":[1]},"o":{"x":[0.167],"y":[0]},"n":["0p833_1_0p167_0"],"t":217,"s":[0],"e":[0]},{"t":239}],"ix":1},"e":{"a":1,"k":[{"i":{"x":[0.833],"y":[1]},"o":{"x":[0.167],"y":[0]},"n":["0p833_1_0p167_0"],"t":180,"s":[100],"e":[100]},{"i":{"x":[0.5],"y":[1]},"o":{"x":[0.4],"y":[0]},"n":["0p5_1_0p4_0"],"t":205,"s":[100],"e":[0.5]},{"t":239}],"ix":2},"o":{"a":1,"k":[{"i":{"x":[0.833],"y":[0.833]},"o":{"x":[0.167],"y":[0.167]},"n":["0p833_0p833_0p167_0p167"],"t":180,"s":[-132],"e":[-222]},{"t":239}],"ix":3},"m":1,"ix":4,"nm":"Trim Paths 1","mn":"ADBE Vector Filter - Trim","hd":false}],"ip":180,"op":240,"st":180,"bm":0}]}