{"v":"5.2.0","fr":30,"ip":0,"op":239,"w":30,"h":30,"nm":"VF keyline loop White Tiny (30)","ddd":0,"assets":[],"layers":[{"ddd":0,"ind":1,"ty":4,"nm":"vf_icon Outlines 7","sr":1,"ks":{"o":{"a":0,"k":100,"ix":11},"r":{"a":0,"k":0,"ix":10},"p":{"a":0,"k":[14.957,15.197,0],"ix":2},"a":{"a":0,"k":[539.457,512.197,0],"ix":1},"s":{"a":0,"k":[100,100,100],"ix":6}},"ao":0,"shapes":[{"ind":0,"ty":"sh","ix":1,"ks":{"a":0,"k":{"i":[[5.409,-0.018],[0.02,6.005],[-2.739,2.268],[-3.319,0.011],[-0.273,-0.092],[-0.011,-3.064],[-0.01,-0.05],[-0.013,-4.054]],"o":[[-4.381,0.015],[-0.013,-3.971],[2.671,-2.212],[0.427,-0.001],[-2.902,0.602],[0,0.101],[4.856,1.183],[0.013,4.054]],"v":[[539.64,523.961],[530.681,514.232],[535.548,504.171],[545.197,500.528],[546.345,500.655],[541.144,507.021],[541.163,507.281],[548.237,515.448]],"c":true},"ix":2},"nm":"Path 1","mn":"ADBE Vector Shape - Group","hd":false},{"ty":"tm","s":{"a":1,"k":[{"i":{"x":[0.5],"y":[1]},"o":{"x":[0.4],"y":[0]},"n":["0p5_1_0p4_0"],"t":0,"s":[99.5],"e":[0]},{"i":{"x":[0.833],"y":[1]},"o":{"x":[0.167],"y":[0]},"n":["0p833_1_0p167_0"],"t":37,"s":[0],"e":[0]},{"t":59}],"ix":1},"e":{"a":1,"k":[{"i":{"x":[0.833],"y":[1]},"o":{"x":[0.167],"y":[0]},"n":["0p833_1_0p167_0"],"t":0,"s":[100],"e":[100]},{"i":{"x":[0.5],"y":[1]},"o":{"x":[0.4],"y":[0]},"n":["0p5_1_0p4_0"],"t":25,"s":[100],"e":[0.5]},{"t":59}],"ix":2},"o":{"a":1,"k":[{"i":{"x":[0.833],"y":[0.833]},"o":{"x":[0.167],"y":[0.167]},"n":["0p833_0p833_0p167_0p167"],"t":0,"s":[0],"e":[-88.5]},{"t":59}],"ix":3},"m":1,"ix":2,"nm":"Trim Paths 1","mn":"ADBE Vector Filter - Trim","hd":false},{"ty":"st","c":{"a":0,"k":[1,1,1,1],"ix":3},"o":{"a":0,"k":100,"ix":4},"w":{"a":0,"k":1,"ix":5},"lc":2,"lj":2,"nm":"Stroke 1","mn":"ADBE Vector Graphic - Stroke","hd":false}],"ip":0,"op":60,"st":0,"bm":0},{"ddd":0,"ind":2,"ty":4,"nm":"vf_icon Outlines 2","sr":1,"ks":{"o":{"a":0,"k":100,"ix":11},"r":{"a":0,"k":0,"ix":10},"p":{"a":0,"k":[14.957,15.197,0],"ix":2},"a":{"a":0,"k":[539.457,512.197,0],"ix":1},"s":{"a":0,"k":[100,100,100],"ix":6}},"ao":0,"shapes":[{"ind":0,"ty":"sh","ix":1,"ks":{"a":0,"k":{"i":[[5.409,-0.018],[0.02,6.005],[-2.739,2.268],[-3.319,0.011],[-0.273,-0.092],[-0.011,-3.064],[-0.01,-0.05],[-0.013,-4.054]],"o":[[-4.381,0.015],[-0.013,-3.971],[2.671,-2.212],[0.427,-0.001],[-2.902,0.602],[0,0.101],[4.856,1.183],[0.013,4.054]],"v":[[539.64,523.961],[530.681,514.232],[535.548,504.171],[545.197,500.528],[546.345,500.655],[541.144,507.021],[541.163,507.281],[548.237,515.448]],"c":true},"ix":2},"nm":"Path 1","mn":"ADBE Vector Shape - Group","hd":false},{"ty":"tm","s":{"a":1,"k":[{"i":{"x":[0.5],"y":[1]},"o":{"x":[0.4],"y":[0]},"n":["0p5_1_0p4_0"],"t":60,"s":[99.5],"e":[0]},{"i":{"x":[0.833],"y":[1]},"o":{"x":[0.167],"y":[0]},"n":["0p833_1_0p167_0"],"t":97,"s":[0],"e":[0]},{"t":119}],"ix":1},"e":{"a":1,"k":[{"i":{"x":[0.833],"y":[1]},"o":{"x":[0.167],"y":[0]},"n":["0p833_1_0p167_0"],"t":60,"s":[100],"e":[100]},{"i":{"x":[0.5],"y":[1]},"o":{"x":[0.4],"y":[0]},"n":["0p5_1_0p4_0"],"t":85,"s":[100],"e":[0.5]},{"t":119}],"ix":2},"o":{"a":1,"k":[{"i":{"x":[0.833],"y":[0.833]},"o":{"x":[0.167],"y":[0.167]},"n":["0p833_0p833_0p167_0p167"],"t":60,"s":[-90],"e":[-178.5]},{"t":119}],"ix":3},"m":1,"ix":2,"nm":"Trim Paths 1","mn":"ADBE Vector Filter - Trim","hd":false},{"ty":"st","c":{"a":0,"k":[1,1,1,1],"ix":3},"o":{"a":0,"k":100,"ix":4},"w":{"a":0,"k":1,"ix":5},"lc":2,"lj":2,"nm":"Stroke 1","mn":"ADBE Vector Graphic - Stroke","hd":false}],"ip":60,"op":120,"st":60,"bm":0},{"ddd":0,"ind":3,"ty":4,"nm":"vf_icon Outlines 3","sr":1,"ks":{"o":{"a":0,"k":100,"ix":11},"r":{"a":0,"k":0,"ix":10},"p":{"a":0,"k":[14.957,15.185,0],"ix":2},"a":{"a":0,"k":[539.457,512.185,0],"ix":1},"s":{"a":0,"k":[100,100,100],"ix":6}},"ao":0,"shapes":[{"ind":0,"ty":"sh","ix":1,"ks":{"a":0,"k":{"i":[[5.409,-0.018],[0.02,6.005],[-2.739,2.268],[-3.319,0.011],[-0.273,-0.092],[-0.011,-3.064],[-0.01,-0.05],[-0.013,-4.054]],"o":[[-4.381,0.015],[-0.013,-3.971],[2.671,-2.212],[0.427,-0.001],[-2.902,0.602],[0,0.101],[4.856,1.183],[0.013,4.054]],"v":[[539.64,523.961],[530.681,514.232],[535.548,504.171],[545.197,500.528],[546.345,500.655],[541.144,507.021],[541.163,507.281],[548.237,515.448]],"c":true},"ix":2},"nm":"Path 1","mn":"ADBE Vector Shape - Group","hd":false},{"ty":"tm","s":{"a":1,"k":[{"i":{"x":[0.5],"y":[1]},"o":{"x":[0.4],"y":[0]},"n":["0p5_1_0p4_0"],"t":120,"s":[99.5],"e":[0]},{"i":{"x":[0.833],"y":[1]},"o":{"x":[0.167],"y":[0]},"n":["0p833_1_0p167_0"],"t":157,"s":[0],"e":[0]},{"t":179}],"ix":1},"e":{"a":1,"k":[{"i":{"x":[0.833],"y":[1]},"o":{"x":[0.167],"y":[0]},"n":["0p833_1_0p167_0"],"t":120,"s":[100],"e":[100]},{"i":{"x":[0.5],"y":[1]},"o":{"x":[0.4],"y":[0]},"n":["0p5_1_0p4_0"],"t":145,"s":[100],"e":[0.5]},{"t":179}],"ix":2},"o":{"a":1,"k":[{"i":{"x":[0.833],"y":[0.833]},"o":{"x":[0.167],"y":[0.167]},"n":["0p833_0p833_0p167_0p167"],"t":120,"s":[-180],"e":[-268.5]},{"t":179}],"ix":3},"m":1,"ix":2,"nm":"Trim Paths 1","mn":"ADBE Vector Filter - Trim","hd":false},{"ty":"st","c":{"a":0,"k":[1,1,1,1],"ix":3},"o":{"a":0,"k":100,"ix":4},"w":{"a":0,"k":1,"ix":5},"lc":2,"lj":2,"nm":"Stroke 1","mn":"ADBE Vector Graphic - Stroke","hd":false}],"ip":120,"op":180,"st":60,"bm":0},{"ddd":0,"ind":4,"ty":4,"nm":"vf_icon Outlines 4","sr":1,"ks":{"o":{"a":0,"k":100,"ix":11},"r":{"a":0,"k":0,"ix":10},"p":{"a":0,"k":[14.957,15.171,0],"ix":2},"a":{"a":0,"k":[539.457,512.171,0],"ix":1},"s":{"a":0,"k":[100,100,100],"ix":6}},"ao":0,"shapes":[{"ind":0,"ty":"sh","ix":1,"ks":{"a":0,"k":{"i":[[5.409,-0.018],[0.02,6.005],[-2.739,2.268],[-3.319,0.011],[-0.273,-0.092],[-0.011,-3.064],[-0.01,-0.05],[-0.013,-4.054]],"o":[[-4.381,0.015],[-0.013,-3.971],[2.671,-2.212],[0.427,-0.001],[-2.902,0.602],[0,0.101],[4.856,1.183],[0.013,4.054]],"v":[[539.64,523.961],[530.681,514.232],[535.548,504.171],[545.197,500.528],[546.345,500.655],[541.144,507.021],[541.163,507.281],[548.237,515.448]],"c":true},"ix":2},"nm":"Path 1","mn":"ADBE Vector Shape - Group","hd":false},{"ty":"tm","s":{"a":1,"k":[{"i":{"x":[0.5],"y":[1]},"o":{"x":[0.4],"y":[0]},"n":["0p5_1_0p4_0"],"t":180,"s":[99.5],"e":[0]},{"i":{"x":[0.833],"y":[1]},"o":{"x":[0.167],"y":[0]},"n":["0p833_1_0p167_0"],"t":217,"s":[0],"e":[0]},{"t":239}],"ix":1},"e":{"a":1,"k":[{"i":{"x":[0.833],"y":[1]},"o":{"x":[0.167],"y":[0]},"n":["0p833_1_0p167_0"],"t":180,"s":[100],"e":[100]},{"i":{"x":[0.5],"y":[1]},"o":{"x":[0.4],"y":[0]},"n":["0p5_1_0p4_0"],"t":205,"s":[100],"e":[0.5]},{"t":239}],"ix":2},"o":{"a":1,"k":[{"i":{"x":[0.833],"y":[0.833]},"o":{"x":[0.167],"y":[0.167]},"n":["0p833_0p833_0p167_0p167"],"t":180,"s":[-270],"e":[-358.5]},{"t":239}],"ix":3},"m":1,"ix":2,"nm":"Trim Paths 1","mn":"ADBE Vector Filter - Trim","hd":false},{"ty":"st","c":{"a":0,"k":[1,1,1,1],"ix":3},"o":{"a":0,"k":100,"ix":4},"w":{"a":0,"k":1,"ix":5},"lc":2,"lj":2,"nm":"Stroke 1","mn":"ADBE Vector Graphic - Stroke","hd":false}],"ip":180,"op":239,"st":60,"bm":0}],"markers":[]}