{"v":"5.2.0","fr":30,"ip":0,"op":239,"w":150,"h":150,"nm":"VF keyline loop Grey Medium (150)","ddd":0,"assets":[],"layers":[{"ddd":0,"ind":1,"ty":4,"nm":"vf_icon Outlines 7","sr":1,"ks":{"o":{"a":0,"k":100,"ix":11},"r":{"a":0,"k":0,"ix":10},"p":{"a":0,"k":[74.957,75.197,0],"ix":2},"a":{"a":0,"k":[539.457,512.197,0],"ix":1},"s":{"a":0,"k":[100,100,100],"ix":6}},"ao":0,"shapes":[{"ind":0,"ty":"sh","ix":1,"ks":{"a":0,"k":{"i":[[27.098,-0.09],[0.1,30.081],[-13.719,11.36],[-16.626,0.055],[-1.37,-0.463],[-0.054,-15.349],[-0.05,-0.252],[-0.067,-20.309]],"o":[[-21.95,0.073],[-0.066,-19.893],[13.381,-11.08],[2.14,-0.007],[-14.537,3.015],[0.002,0.507],[24.326,5.925],[0.067,20.309]],"v":[[540.369,570.913],[495.484,522.171],[519.869,471.77],[568.206,453.524],[573.955,454.159],[547.9,486.051],[547.997,487.352],[583.433,528.263]],"c":true},"ix":2},"nm":"Path 1","mn":"ADBE Vector Shape - Group","hd":false},{"ty":"tm","s":{"a":1,"k":[{"i":{"x":[0.5],"y":[1]},"o":{"x":[0.4],"y":[0]},"n":["0p5_1_0p4_0"],"t":0,"s":[99.5],"e":[0]},{"i":{"x":[0.833],"y":[1]},"o":{"x":[0.167],"y":[0]},"n":["0p833_1_0p167_0"],"t":37,"s":[0],"e":[0]},{"t":59}],"ix":1},"e":{"a":1,"k":[{"i":{"x":[0.833],"y":[1]},"o":{"x":[0.167],"y":[0]},"n":["0p833_1_0p167_0"],"t":0,"s":[100],"e":[100]},{"i":{"x":[0.5],"y":[1]},"o":{"x":[0.4],"y":[0]},"n":["0p5_1_0p4_0"],"t":25,"s":[100],"e":[0.5]},{"t":59}],"ix":2},"o":{"a":1,"k":[{"i":{"x":[0.833],"y":[0.833]},"o":{"x":[0.167],"y":[0.167]},"n":["0p833_0p833_0p167_0p167"],"t":0,"s":[0],"e":[-88.5]},{"t":59}],"ix":3},"m":1,"ix":2,"nm":"Trim Paths 1","mn":"ADBE Vector Filter - Trim","hd":false},{"ty":"st","c":{"a":0,"k":[0.600000023842,0.600000023842,0.600000023842,1],"ix":3},"o":{"a":0,"k":100,"ix":4},"w":{"a":0,"k":3,"ix":5},"lc":2,"lj":2,"nm":"Stroke 1","mn":"ADBE Vector Graphic - Stroke","hd":false}],"ip":0,"op":60,"st":0,"bm":0},{"ddd":0,"ind":2,"ty":4,"nm":"vf_icon Outlines 2","sr":1,"ks":{"o":{"a":0,"k":100,"ix":11},"r":{"a":0,"k":0,"ix":10},"p":{"a":0,"k":[74.957,75.197,0],"ix":2},"a":{"a":0,"k":[539.457,512.197,0],"ix":1},"s":{"a":0,"k":[100,100,100],"ix":6}},"ao":0,"shapes":[{"ind":0,"ty":"sh","ix":1,"ks":{"a":0,"k":{"i":[[27.098,-0.09],[0.1,30.081],[-13.719,11.36],[-16.626,0.055],[-1.37,-0.463],[-0.054,-15.349],[-0.05,-0.252],[-0.067,-20.309]],"o":[[-21.95,0.073],[-0.066,-19.893],[13.381,-11.08],[2.14,-0.007],[-14.537,3.015],[0.002,0.507],[24.326,5.925],[0.067,20.309]],"v":[[540.369,570.913],[495.484,522.171],[519.869,471.77],[568.206,453.524],[573.955,454.159],[547.9,486.051],[547.997,487.352],[583.433,528.263]],"c":true},"ix":2},"nm":"Path 1","mn":"ADBE Vector Shape - Group","hd":false},{"ty":"tm","s":{"a":1,"k":[{"i":{"x":[0.5],"y":[1]},"o":{"x":[0.4],"y":[0]},"n":["0p5_1_0p4_0"],"t":60,"s":[99.5],"e":[0]},{"i":{"x":[0.833],"y":[1]},"o":{"x":[0.167],"y":[0]},"n":["0p833_1_0p167_0"],"t":97,"s":[0],"e":[0]},{"t":119}],"ix":1},"e":{"a":1,"k":[{"i":{"x":[0.833],"y":[1]},"o":{"x":[0.167],"y":[0]},"n":["0p833_1_0p167_0"],"t":60,"s":[100],"e":[100]},{"i":{"x":[0.5],"y":[1]},"o":{"x":[0.4],"y":[0]},"n":["0p5_1_0p4_0"],"t":85,"s":[100],"e":[0.5]},{"t":119}],"ix":2},"o":{"a":1,"k":[{"i":{"x":[0.833],"y":[0.833]},"o":{"x":[0.167],"y":[0.167]},"n":["0p833_0p833_0p167_0p167"],"t":60,"s":[-90],"e":[-178.5]},{"t":119}],"ix":3},"m":1,"ix":2,"nm":"Trim Paths 1","mn":"ADBE Vector Filter - Trim","hd":false},{"ty":"st","c":{"a":0,"k":[0.600000023842,0.600000023842,0.600000023842,1],"ix":3},"o":{"a":0,"k":100,"ix":4},"w":{"a":0,"k":3,"ix":5},"lc":2,"lj":2,"nm":"Stroke 1","mn":"ADBE Vector Graphic - Stroke","hd":false}],"ip":60,"op":120,"st":60,"bm":0},{"ddd":0,"ind":3,"ty":4,"nm":"vf_icon Outlines 3","sr":1,"ks":{"o":{"a":0,"k":100,"ix":11},"r":{"a":0,"k":0,"ix":10},"p":{"a":0,"k":[74.957,75.185,0],"ix":2},"a":{"a":0,"k":[539.457,512.185,0],"ix":1},"s":{"a":0,"k":[100,100,100],"ix":6}},"ao":0,"shapes":[{"ind":0,"ty":"sh","ix":1,"ks":{"a":0,"k":{"i":[[27.098,-0.09],[0.1,30.081],[-13.719,11.36],[-16.626,0.055],[-1.37,-0.463],[-0.054,-15.349],[-0.05,-0.252],[-0.067,-20.309]],"o":[[-21.95,0.073],[-0.066,-19.893],[13.381,-11.08],[2.14,-0.007],[-14.537,3.015],[0.002,0.507],[24.326,5.925],[0.067,20.309]],"v":[[540.369,570.913],[495.484,522.171],[519.869,471.77],[568.206,453.524],[573.955,454.159],[547.9,486.051],[547.997,487.352],[583.433,528.263]],"c":true},"ix":2},"nm":"Path 1","mn":"ADBE Vector Shape - Group","hd":false},{"ty":"tm","s":{"a":1,"k":[{"i":{"x":[0.5],"y":[1]},"o":{"x":[0.4],"y":[0]},"n":["0p5_1_0p4_0"],"t":120,"s":[99.5],"e":[0]},{"i":{"x":[0.833],"y":[1]},"o":{"x":[0.167],"y":[0]},"n":["0p833_1_0p167_0"],"t":157,"s":[0],"e":[0]},{"t":179}],"ix":1},"e":{"a":1,"k":[{"i":{"x":[0.833],"y":[1]},"o":{"x":[0.167],"y":[0]},"n":["0p833_1_0p167_0"],"t":120,"s":[100],"e":[100]},{"i":{"x":[0.5],"y":[1]},"o":{"x":[0.4],"y":[0]},"n":["0p5_1_0p4_0"],"t":145,"s":[100],"e":[0.5]},{"t":179}],"ix":2},"o":{"a":1,"k":[{"i":{"x":[0.833],"y":[0.833]},"o":{"x":[0.167],"y":[0.167]},"n":["0p833_0p833_0p167_0p167"],"t":120,"s":[-180],"e":[-268.5]},{"t":179}],"ix":3},"m":1,"ix":2,"nm":"Trim Paths 1","mn":"ADBE Vector Filter - Trim","hd":false},{"ty":"st","c":{"a":0,"k":[0.600000023842,0.600000023842,0.600000023842,1],"ix":3},"o":{"a":0,"k":100,"ix":4},"w":{"a":0,"k":3,"ix":5},"lc":2,"lj":2,"nm":"Stroke 1","mn":"ADBE Vector Graphic - Stroke","hd":false}],"ip":120,"op":180,"st":60,"bm":0},{"ddd":0,"ind":4,"ty":4,"nm":"vf_icon Outlines 4","sr":1,"ks":{"o":{"a":0,"k":100,"ix":11},"r":{"a":0,"k":0,"ix":10},"p":{"a":0,"k":[74.957,75.171,0],"ix":2},"a":{"a":0,"k":[539.457,512.171,0],"ix":1},"s":{"a":0,"k":[100,100,100],"ix":6}},"ao":0,"shapes":[{"ind":0,"ty":"sh","ix":1,"ks":{"a":0,"k":{"i":[[27.098,-0.09],[0.1,30.081],[-13.719,11.36],[-16.626,0.055],[-1.37,-0.463],[-0.054,-15.349],[-0.05,-0.252],[-0.067,-20.309]],"o":[[-21.95,0.073],[-0.066,-19.893],[13.381,-11.08],[2.14,-0.007],[-14.537,3.015],[0.002,0.507],[24.326,5.925],[0.067,20.309]],"v":[[540.369,570.913],[495.484,522.171],[519.869,471.77],[568.206,453.524],[573.955,454.159],[547.9,486.051],[547.997,487.352],[583.433,528.263]],"c":true},"ix":2},"nm":"Path 1","mn":"ADBE Vector Shape - Group","hd":false},{"ty":"tm","s":{"a":1,"k":[{"i":{"x":[0.5],"y":[1]},"o":{"x":[0.4],"y":[0]},"n":["0p5_1_0p4_0"],"t":180,"s":[99.5],"e":[0]},{"i":{"x":[0.833],"y":[1]},"o":{"x":[0.167],"y":[0]},"n":["0p833_1_0p167_0"],"t":217,"s":[0],"e":[0]},{"t":239}],"ix":1},"e":{"a":1,"k":[{"i":{"x":[0.833],"y":[1]},"o":{"x":[0.167],"y":[0]},"n":["0p833_1_0p167_0"],"t":180,"s":[100],"e":[100]},{"i":{"x":[0.5],"y":[1]},"o":{"x":[0.4],"y":[0]},"n":["0p5_1_0p4_0"],"t":205,"s":[100],"e":[0.5]},{"t":239}],"ix":2},"o":{"a":1,"k":[{"i":{"x":[0.833],"y":[0.833]},"o":{"x":[0.167],"y":[0.167]},"n":["0p833_0p833_0p167_0p167"],"t":180,"s":[-270],"e":[-358.5]},{"t":239}],"ix":3},"m":1,"ix":2,"nm":"Trim Paths 1","mn":"ADBE Vector Filter - Trim","hd":false},{"ty":"st","c":{"a":0,"k":[0.600000023842,0.600000023842,0.600000023842,1],"ix":3},"o":{"a":0,"k":100,"ix":4},"w":{"a":0,"k":3,"ix":5},"lc":2,"lj":2,"nm":"Stroke 1","mn":"ADBE Vector Graphic - Stroke","hd":false}],"ip":180,"op":239,"st":60,"bm":0}],"markers":[]}