{
  "status": {
    "code": 0,
    "analytics": {
      "status": "SUCCESS",
      "guid": "dd2b2f0f-11fe-48eb-9f7a-e48566192128"
    }
  },
  "lastAPICall": "2019-08-04T12:57:16",
  "content": {
    "login_cta": {
      "color": "#BD0000",
      "text": "Login now",
      "journeyKey": "LOGIN",
      "viewTag": "settings|forgot username|retrieval success",
      "tapTag": "retrieval success|log in now"
    },
    "forgot_pin_login_cta": {
      "color": "#BD0000",
      "text": "Login now",
      "journeyKey": "LOGIN",
      "viewTag": "LOGIN",
      "tapTag": "log in"
    },
    "verify_user_name_forgot_password_cta": {
      "color": "#BD0000",
      "text": "Forgot password?",
      "journeyKey": "FORGOT_PASSWORD",
      "viewTag": "settings|forgot username|retrieval success",
      "tapTag": "retrieval success|forgot password"
    },
    "forgot_password_cta": {
      "color": "#BD0000",
      "text": "Forgot password?",
      "journeyKey": "FORGOT_PASSWORD",
      "viewTag": "settings|log in myvodafone",
      "tapTag": "log in myvodafone|forgot password"
    },
    "verify_user_name_forgot_username_cta": {
      "color": "#BD0000",
      "text": "Forgot username?",
      "journeyKey": "FORGOT_USERNAME",
      "viewTag": "settings|reset your password",
      "tapTag": "reset your password|forgot username"
    },
    "tobi_link": {
      "journeyKey": "TOBi",
      "viewTag": "tobi|view",
      "tapTag": "tobi|cta"
    },
    "forgot_username_cta": {
      "color": "#BD0000",
      "text": "Forgot username?",
      "journeyKey": "FORGOT_USERNAME",
      "viewTag": "settings|log in myvodafone",
      "tapTag": "log in myvodafone|forgot username"
    },
    "embedded_error_retry_cta": {
      "text": "Retry",
      "journeyKey": "RETRY"
    },
    "ecare_registration_cta": {
      "color": "#BD0000",
      "text": "Register now",
      "journeyKey": "ECARE_REGISTRATION",
      "viewTag": "settings|log in myvodafone",
      "tapTag": "log in myvodafone|register now"
    },
    "welcome_login_cta": {
      "color": "#E60000",
      "text": "Log in",
      "journeyKey": "LOGIN",
      "viewTag": "welcome|login options",
      "tapTag": "welcome|PAYM-login Optinons |Log in"
    },
    "forgot_pin_login_presented_cta": {
      "color": "#BD0000",
      "text": "Login now",
      "journeyKey": "LOGIN_PRESENTED",
      "viewTag": "LOGIN",
      "tapTag": "log in"
    }
  }
}