{
    "status": {
        "code": 0,
        "analytics": {
            "status": "Success",
            "guid": "71d0b4a0-6748-4fbe-9401-aa4910945452"
        }
    },
    "lastAPICall": "2019-07-22T10:53:04",
    "background": "1072",
    "sections": ["subscriptionHeader", "tiles", "discover", "veryMeLink", "veryMe", "linksMenu", "apps"],
    "subscriptionHeader": {
        "icon": "1068",
        "subscriptionType": "Pay monthly",
        "subscriptionId": "07741738070"
    },
    "vov": {},
    "connectedApps": {
        "title": "Other Vodafone Apps",
        "items": [{
            "title": "DreamLab",
            "target": "https://itunes.apple.com/us/app/dreamlab-help-to-fight-cancer/id1273619275?mt=8",
            "bundleID": "dreamlab://",
            "icon": 53
        }, {
            "title": "Vodafone Broadband",
            "target": "https://itunes.apple.com/gb/app/vodafone-broadband/id985918725?mt=8",
            "bundleID": "phoenixapp://",
            "icon": 52
        }]
    },
    "discover": {
        "heading": "Discover",
        "timeOutErrorRendering": "HIDE_SECTION",
        "defaultOffer": {
            "title": "Deals and offers",
            "body": "<b>Get more of the good stuff with our deals</b>",
            "buttons": [{
                "text": "Find out more",
                "targetURL": "https://www.vodafone.co.uk/mobile/deals-and-offers"
            }]
        }
    },
    "tiles": [{
        "tileType": "ALLOWANCES",
        "content": [{
            "header": "<b>%Phonebook_lookup%'s Data</b>",
            "headerFallback": "<b>Data</b>",
            "title": "50.0",
            "subtitle": "left of 50.0GB bundle",
            "iconId": 16,
            "target": "SUBS_OVERLAY_USAGE",
            "unlimited": false,
            "percentageRemaining": 100.0,
            "remainingUnit": "GB",
            "allowanceType": "DATA"
        }, {
            "action": {
                "text": "View all allowances",
                "journeyKey": "SUBS_OVERLAY_USAGE"
            }
        }]
    }, {
        "tileType": "CHARGES_CREDIT",
        "content": [{
            "header": "<b>Current charges</b>",
            "title": "07741738070",
            "target": "SUBS_OVERLAY_CHARGES",
            "billPeriod": "From: 26 Jun to 22 Jul",
            "balance": "£64.80"
        }]
    }, {
        "tileType": "GENERIC_SMALL",
        "content": [{
            "title": "<b>Manage my spend ON</b>",
            "backgroundImage": 1060,
            "iconId": 1058,
            "target": "SPEND_MANAGER",
            "textColor": "#FFFFFF"
        }]
    }, {
        "tileType": "GENERIC_SMALL",
        "content": [{
            "title": "<b>Manage Bars & Extras</b>",
            "iconId": 1057,
            "target": "BROWSE_EXTRAS",
            "textColor": "#333333"
        }]
    }],
    "veryMeLink": {
        "heading": "VeryMe Rewards",
        "ctaLabel": "View all",
        "ctaTarget": "LOYALTY_LASSIE"
    },
    "veryMe": {
        "defaultOffer": {
            "title": "<b>A world of rewards built around what your love</b>",
            "targetURL": "myvodafone://LOYALTY_LASSIE"
        }
    },
    "tray": {
        "centralItem": {
            "title": "TOBI",
            "target": "TOBi",
            "icon": 1052
        },
        "items": [{
            "title": "My Account",
            "target": "DRAWER_ACCOUNT",
            "icon": 1047
        }, {
            "title": "Rewards",
            "target": "DRAWER_REWARDS",
            "icon": 1048
        }, {
            "title": "Billing",
            "target": "PREVIOUS_BILLS",
            "icon": 1051
        }, {
            "title": "Settings",
            "target": "DRAWER_SETTINGS",
            "icon": 1049
        }]
    },
    "linksMenu": {
        "menuItems": [{
            "title": "Assistance",
            "target": "NONE",
            "subItems": [{
                "title": "Notifications",
                "target": "NOTIFICATIONS_NEW",
                "badge": {
                    "type": "NOTIFICATIONS",
                    "icon": "19"
                },
                "icon": "1062"
            }, {
                "title": "Find a Store",
                "target": "STORE_LOCATOR_NEW",
                "icon": "1061"
            }, {
                "title": "Track an Order",
                "target": "NONE",
                "icon": "1067"
            }, {
                "title": "Frequently Asked Questions",
                "target": "NANOREP_FAQS",
                "icon": "1065"
            }, {
                "title": "More from Vodafone",
                "target": "EXPLORE_VODAFONE",
                "icon": "1066"
            }]
        }, {
            "title": "Network",
            "target": "NONE",
            "subItems": [{
                "title": "Network Status Checker",
                "target": "COVERAGE_CHECKER_NEW",
                "icon": "1063"
            }, {
                "title": "Check Data and Wi-Fi Speed",
                "target": "NET_PERFORM",
                "icon": "1064"
            }],
            "precedingMenuItemId": 41
        }]
    },
    "rewardsDrawer": {
        "subTitle": "Select one",
        "cards": [{
            "name": "Very Me",
            "icon": 1075,
            "target": "LOYALTY_LASSIE"
        }, {
            "name": "Offers for you",
            "icon": 1076,
            "target": "MY_OFFERS"
        }]
    },
    "settingsDrawer": {
        "subTitle": "Select one",
        "cards": [{
            "name": "Account Settings",
            "icon": 1078,
            "target": "SETTING_SCREEN"
        }, {
            "name": "App Settings",
            "icon": 1078,
            "target": "SETTING_SCREEN"
        }, {
            "name": "Privacy Settings",
            "icon": 1078,
            "target": "PRIVACY_PERMISSIONS"
        }]
    },
    "contact": "%Phonebook_lookup%",
    "subsOverlay": {
        "header": {
            "description": "%Phonebook_lookup%'s phone",
            "subscriptionHeader": {
                "icon": "1068",
                "subscriptionType": "Pay monthly",
                "subscriptionId": "07741738070"
            },
            "background": 1082,
            "tabsBackground": "#FFFFFF",
            "fontColor": "#333333",
            "tabsFontColor": "#333333",
            "currentChargesTitle": "<b><b>£64.80</b> current spend</b>",
            "currentChargesPeriod": "From: 26 Jun to 22 Jul"
        },
        "tabs": [{
            "name": "Plan",
            "target": "PLAN",
            "prefetch": false
        }, {
            "name": "Usage",
            "target": "USAGE",
            "prefetch": false
        }, {
            "name": "Charges",
            "target": "CHARGES",
            "prefetch": false
        }, {
            "name": "Extras",
            "target": "EXTRAS",
            "prefetch": false
        }, {
            "name": "Upgrade / change plan",
            "target": "UPGRADE",
            "prefetch": true
        }]
    }
}
