{
  "status": {
    "code": 0,
    "analytics": {
      "status": "SUCCESS",
      "guid": "0c3bfb57-b00c-4b2d-8de7-2408360d3f1b"
    }
  },
  "lastAPICall": "2019-08-04T12:57:16",
  "screens": [
    {
      "title": "Hold on...",
      "message": "We've noticed that there has been a change to your account. In order to keep using the app you'll need to reset it before continuing.",
      "shortMessage": "Error - Please Retry",
      "codes": [
        2110,
        2111
      ],
      "actions": [
        {
          "name": "Reset my App",
          "journey": "RESET_APP",
          "dimmable": false
        }
      ],
      "renderType": "native_fullscreen",
      "forcedRenderType": false
    },
    {
      "title": "Data Connection Lost",
      "message": "Please check your signal and try again when you've got a connection.",
      "shortMessage": "You're Offline!",
      "codes": [
        2401
      ],
      "actions": [
        {
          "name": "Retry",
          "journey": "RETRY",
          "dimmable": true
        },
        {
          "name": "Never mind",
          "journey": "BACK",
          "dimmable": false
        }
      ],
      "renderType": "native_fullscreen",
      "forcedRenderType": false
    },
    {
      "title": "Invalid Credentials",
      "message": "Sorry, we couldn’t find the credentials you’ve provided. Please try again.",
      "shortMessage": "Error - Please Retry",
      "codes": [],
      "actions": [
        {
          "name": "OK",
          "journey": "DISMISS",
          "dimmable": false
        }
      ],
      "renderType": "native_info",
      "forcedRenderType": true
    },
    {
      "title": "Login failed",
      "message": "We're experiencing a few technical difficulties at the moment and we couldn't log you in.Try again later.",
      "shortMessage": "Error - Please Retry",
      "codes": [
        2102,
        4118
      ],
      "actions": [
        {
          "name": "OK",
          "journey": "DISMISS",
          "dimmable": false
        }
      ],
      "renderType": "native_fullscreen",
      "forcedRenderType": false
    },
    {
      "title": "Welcome to Vodafone",
      "message": "As you don't have a mobile phone account with us, you won't be able to check your account details on this app. But you will be able to see them by going to My Vodafone.",
      "shortMessage": "Error - Please Retry",
      "codes": [
        2101
      ],
      "actions": [
        {
          "name": "Go to My Vodafone",
          "journey": "ECARE_NON_VODAFONE_SIM",
          "dimmable": false
        }
      ],
      "renderType": "native_fullscreen",
      "forcedRenderType": false
    },
    {
      "title": "Sorry, we were unable to identify you",
      "message": "Please connect to our network. This might mean turning off your Wi-Fi, VPN, or if you are on a dual sim phone, switching to your Vodafone data. If you don’t have a Vodafone SIM, please log in to My Vodafone Online.",
      "codes": [
        3102
      ],
      "actions": [
        {
          "name": "Retry",
          "journey": "RETRY",
          "dimmable": true
        },
        {
          "name": "Go to My Vodafone",
          "journey": "ECARE_NON_VODAFONE_SIM",
          "dimmable": false
        }
      ],
      "renderType": "native_fullscreen",
      "forcedRenderType": false
    },
    {
      "title": "Technical Difficulties",
      "message": "So we can identify you, please log on to My Vodafone using your mobile data network. You'll only need to do this once. My Vodafone will then remember your details so you can use Wi-Fi or mobile data to connect.",
      "shortMessage": "Error - Please Retry",
      "codes": [
        2100,
        2201,
        2400,
        2404,
        3100,
        3101,
        3301,
        4100,
        4111,
        4116,
        4117,
        4103,
        3103,
        3104,
        3105,
        3106,
        2200,
        3300,
        2405,
        2605,
        3200,
        3400,
        3500,
        3600,
        4200,
        4400,
        4500,
        4600,
        5100,
        5200,
        5400,
        5500,
        5600,
        6100,
        6200,
        6400,
        6500,
        2301,
        2600,
        6600,
        2302,
        6300
      ],
      "actions": [
        {
          "name": "Retry",
          "journey": "RETRY",
          "dimmable": true
        },
        {
          "name": "Never mind",
          "journey": "BACK",
          "dimmable": false
        }
      ],
      "renderType": "native_fullscreen",
      "forcedRenderType": false
    },
    {
      "title": "Update My Vodafone",
      "message": "The version of My Vodafone you're using has now expired.You'll need to download the new, improved version to continue using the app.",
      "shortMessage": "Error - Please Retry",
      "codes": [],
      "actions": [
        {
          "name": "Update",
          "journey": "RESET_APP",
          "dimmable": false
        }
      ],
      "renderType": "native_fullscreen",
      "forcedRenderType": false
    },
    {
      "title": "Please disconnect your Wi-Fi",
      "message": "So we can identify you, please log on to My Vodafone using the Vodafone mobile data network. You'll only need to do this once. My Vodafone will then remember your details so you can use Wi-Fi or mobile data network to connect",
      "shortMessage": "Error - Please Retry",
      "codes": [
        2402
      ],
      "actions": [
        {
          "name": "Retry",
          "journey": "RETRY",
          "dimmable": true
        }
      ],
      "renderType": "native_fullscreen",
      "forcedRenderType": false
    },
    {
      "title": "",
      "message": "Your PINs don't match. Please check and try again.",
      "shortMessage": "Error - Please Retry",
      "codes": [
        2103
      ],
      "actions": [
        {
          "name": "OK",
          "journey": "DISMISS",
          "dimmable": false
        }
      ],
      "renderType": "native_info",
      "forcedRenderType": true
    },
    {
      "title": "",
      "message": "Invalid E-Mail format. Please try again.",
      "shortMessage": "Error - Please Retry",
      "codes": [
        2104
      ],
      "actions": [
        {
          "name": "OK",
          "journey": "DISMISS",
          "dimmable": false
        }
      ],
      "renderType": "native_info",
      "forcedRenderType": true
    },
    {
      "title": "",
      "message": "Your PIN can’t use all repeated numbers, and they shouldn’t all be consecutive.",
      "shortMessage": "Error - Please Retry",
      "codes": [
        2105
      ],
      "actions": [
        {
          "name": "OK",
          "journey": "DISMISS",
          "dimmable": false
        }
      ],
      "renderType": "native_info",
      "forcedRenderType": true
    },
    {
      "title": "",
      "message": "The passwords you’ve entered do not match. Please try again.",
      "shortMessage": "Error - Please Retry",
      "codes": [
        2106
      ],
      "actions": [
        {
          "name": "OK",
          "journey": "DISMISS",
          "dimmable": false
        }
      ],
      "renderType": "native_info",
      "forcedRenderType": true
    },
    {
      "title": "",
      "message": "Please make sure your password is between 6 and 30 characters",
      "shortMessage": "Error - Please Retry",
      "codes": [
        2107
      ],
      "actions": [
        {
          "name": "OK",
          "journey": "DISMISS",
          "dimmable": false
        }
      ],
      "renderType": "native_info",
      "forcedRenderType": true
    },
    {
      "title": "",
      "message": "There has been an issue validating your PIN. Please enter the details again.",
      "shortMessage": "Error - Please Retry",
      "codes": [
        4115
      ],
      "actions": [
        {
          "name": "OK",
          "journey": "DISMISS",
          "dimmable": false
        }
      ],
      "renderType": "native_info",
      "forcedRenderType": true
    },
    {
      "title": "",
      "message": "There has been an issue validating your PIN. Please enter the details again.",
      "shortMessage": "Error - Please Retry",
      "codes": [],
      "actions": [
        {
          "name": "Retry",
          "journey": "RETRY",
          "dimmable": true
        }
      ],
      "renderType": "native_fullscreen",
      "forcedRenderType": false
    },
    {
      "title": "Check your data connection",
      "message": "It doesn't look like your mobile data connection is turned on. Please check and try again.",
      "shortMessage": "You're Offline!",
      "codes": [
        2403
      ],
      "actions": [
        {
          "name": "Retry",
          "journey": "RETRY",
          "dimmable": true
        },
        {
          "name": "Never mind",
          "journey": "BACK",
          "dimmable": false
        }
      ],
      "renderType": "native_fullscreen",
      "forcedRenderType": false
    },
    {
      "title": "My Vodafone",
      "message": "The incorrect login details were entered several times, so to protect your security we’ve temporarily locked your account.\n Please reset your password and we’ll get you logged in again.",
      "shortMessage": "Error - Please Retry",
      "codes": [
        4113
      ],
      "actions": [
        {
          "name": "Reset password",
          "journey": "FORGOT_PASSWORD",
          "dimmable": false
        },
        {
          "name": "Close",
          "journey": "DISMISS",
          "dimmable": false
        }
      ],
      "renderType": "native_fullscreen",
      "forcedRenderType": false
    },
    {
      "title": "My Vodafone",
      "message": "The PIN you have entered does not match the one in our records. Please reset your PIN.",
      "shortMessage": "Error - Please Retry",
      "codes": [
        4120
      ],
      "actions": [
        {
          "name": "OK",
          "journey": "RELOAD",
          "dimmable": false
        }
      ],
      "renderType": "native_fullscreen",
      "forcedRenderType": false
    },
    {
      "title": "",
      "message": "Invalid username or password. Please try again.",
      "shortMessage": "Error - Please Retry",
      "codes": [
        4114,
        4601
      ],
      "actions": [
        {
          "name": "OK",
          "journey": "DISMISS",
          "dimmable": false
        }
      ],
      "renderType": "native_info",
      "forcedRenderType": true
    },
    {
      "title": "",
      "message": "Invalid username. Please try again.",
      "shortMessage": "Error - Please Retry",
      "codes": [
        4119
      ],
      "actions": [
        {
          "name": "OK",
          "journey": "DISMISS",
          "dimmable": false
        }
      ],
      "renderType": "native_info",
      "forcedRenderType": true
    },
    {
      "title": "",
      "message": "We didn't recognise the temporary password you entered. Please try again.",
      "shortMessage": "Error - Please Retry",
      "codes": [
        4121,
        4122
      ],
      "actions": [
        {
          "name": "OK",
          "journey": "DISMISS",
          "dimmable": false
        }
      ],
      "renderType": "native_info",
      "forcedRenderType": true
    },
    {
      "title": "Sorry",
      "message": "There’s been a problem while loading this page. Please try again.",
      "shortMessage": "Error - Please Retry",
      "codes": [
        6201,
        6401
      ],
      "actions": [
        {
          "name": "Retry",
          "journey": "RETRY",
          "dimmable": true
        },
        {
          "name": "Never mind",
          "journey": "BACK",
          "dimmable": false
        }
      ],
      "renderType": "native_fullscreen",
      "forcedRenderType": false
    },
    {
      "title": "",
      "message": "Larger accounts cannot switch between services in the app. To manage the other services in your account please visit our website.",
      "shortMessage": "Error - Please Retry",
      "codes": [
        3601
      ],
      "actions": [
        {
          "name": "Take me there",
          "journey": "ECARE_LOGIN",
          "dimmable": false
        }
      ],
      "renderType": "native_fullscreen",
      "forcedRenderType": false
    },
    {
      "title": "",
      "message": "Sorry, something went wrong with the loading of your account information.",
      "shortMessage": "Error - Please Retry",
      "codes": [
        4602,
        4603
      ],
      "actions": [
        {
          "name": "Retry",
          "journey": "RETRY",
          "dimmable": true
        }
      ],
      "renderType": "native_fullscreen",
      "forcedRenderType": false
    },
    {
      "title": "Service Busy",
      "message": "The My Vodafone service is really busy right now. Please try again when the button below becomes available.",
      "shortMessage": "Error: Try Again",
      "codes": [
        3501,
        4501,
        4502,
        5501,
        5502
      ],
      "actions": [
        {
          "name": "Retry",
          "journey": "RETRY",
          "dimmable": true
        },
        {
          "name": "Never mind",
          "journey": "BACK",
          "dimmable": false
        }
      ],
      "renderType": "native_fullscreen_timer",
      "timerHeader": "Please retry in",
      "timerValue": "45",
      "timerFooter": "Seconds",
      "forcedRenderType": false
    },
    {
      "title": "Restart Required",
      "message": "Your login access token has expired. You need to restart the app on using the Vodafone mobile data network and not Wi-Fi to update the token and continue using the app. You'll only need to do this once.",
      "shortMessage": "Error - Please Retry",
      "codes": [
        4123,
        4129
      ],
      "actions": [
        {
          "name": "Restart to update",
          "journey": "RESTART_JWT",
          "dimmable": false
        }
      ],
      "renderType": "native_fullscreen",
      "forcedRenderType": true
    },
    {
      "title": "Restart Required",
      "message": "Your login access token has expired. You need to restart the app to update the token and continue using the app.",
      "codes": [
        4101
      ],
      "actions": [
        {
          "name": "Restart to update",
          "journey": "RESTART_MSP",
          "dimmable": false
        }
      ],
      "renderType": "native_fullscreen",
      "forcedRenderType": true
    },
    {
      "title": "WARNING",
      "message": "Please be aware that the My Vodafone app will run on jailbroken devices but we do not recommend it. Vodafone will not be liable for any issues that may arise as a result of using the app on a jailbroken device.",
      "shortMessage": "",
      "codes": [
        2108
      ],
      "actions": [
        {
          "name": "OK",
          "journey": "DISMISS",
          "dimmable": false
        }
      ],
      "renderType": "native_info",
      "forcedRenderType": true
    },
    {
      "title": "WARNING",
      "message": "Please be aware that the My Vodafone app will run on rooted devices but we do not recommend it. Vodafone will not be liable for any issues that may arise as a result of using the app on a rooted device.",
      "shortMessage": "",
      "codes": [
        2109
      ],
      "actions": [
        {
          "name": "OK",
          "journey": "DISMISS",
          "dimmable": false
        }
      ],
      "renderType": "native_info",
      "forcedRenderType": true
    },
    {
      "title": "My Vodafone",
      "message": "Sorry, we couldn't find the credentials you've provided. Please try again.",
      "shortMessage": "Error - Please Retry",
      "codes": [
        4127
      ],
      "actions": [
        {
          "name": "OK",
          "journey": "DISMISS",
          "dimmable": false
        }
      ],
      "renderType": "native_info",
      "forcedRenderType": false
    },
    {
      "title": "My Vodafone",
      "message": "Sorry, we couldn't find the credentials you've provided. Please try again.",
      "shortMessage": "Error - Please Retry",
      "codes": [
        4124
      ],
      "actions": [
        {
          "name": "OK",
          "journey": "DISMISS",
          "dimmable": false
        }
      ],
      "renderType": "native_info",
      "forcedRenderType": false
    },
    {
      "title": "",
      "message": "Message failed to send",
      "shortMessage": "Error - Please Retry",
      "codes": [
        2406
      ],
      "actions": [
        {
          "name": "OK",
          "journey": "DISMISS",
          "dimmable": false
        }
      ],
      "renderType": "native_info",
      "forcedRenderType": true
    },
    {
      "title": "Update My Vodafone",
      "message": "Do more with the new, improved version of My Vodafone. Please update your app within {n} day(s).",
      "shortMessage": "Error - Please Retry",
      "codes": [
        2602
      ],
      "actions": [
        {
          "name": "Update Later",
          "journey": "DISMISS",
          "dimmable": false
        },
        {
          "name": "Update now",
          "journey": "UPDATE_APP",
          "dimmable": false
        }
      ],
      "renderType": "native_info",
      "forcedRenderType": true
    },
    {
      "title": "Update My Vodafone",
      "message": "The version of My Vodafone you're using has now expired. \n \nYou'll need to download the new, improved version to continue using the app.",
      "shortMessage": "Error - Please Retry",
      "codes": [
        2601
      ],
      "actions": [
        {
          "name": "Update now",
          "journey": "UPDATE_APP",
          "dimmable": false
        }
      ],
      "renderType": "native_fullscreen",
      "forcedRenderType": false
    },
    {
      "title": "Sorry, the app's offline",
      "message": "We're carrying out essential maintenance on our systems, but the app will be back online as soon as we're finished.",
      "shortMessage": "Error: Try Again",
      "codes": [
        3204
      ],
      "actions": [
        {
          "name": "Retry",
          "journey": "RETRY",
          "dimmable": true
        }
      ],
      "renderType": "native_fullscreen",
      "forcedRenderType": true
    },
    {
      "title": "Sorry",
      "message": "We're having a few technical difficulties at the moment. We're working hard to get things sorted.",
      "shortMessage": "Error - Please Retry",
      "codes": [
        4300,
        3208
      ],
      "actions": [
        {
          "name": "Retry",
          "journey": "RETRY",
          "dimmable": true
        },
        {
          "name": "Never mind",
          "journey": "BACK",
          "dimmable": false
        }
      ],
      "renderType": "native_fullscreen_timer",
      "timerHeader": "You can try again in",
      "timerValue": "10",
      "timerFooter": "Seconds",
      "forcedRenderType": false
    },
    {
      "title": "Sorry",
      "message": "We're having some problems identifying you. Please try again",
      "shortMessage": "Error - Please Retry",
      "codes": [
        5101
      ],
      "actions": [
        {
          "name": "Retry",
          "journey": "RETRY",
          "dimmable": true
        }
      ],
      "renderType": "native_fullscreen",
      "forcedRenderType": false
    },
    {
      "title": "",
      "message": "Please continue online to finish setting up your new password.",
      "shortMessage": "",
      "codes": [
        4128
      ],
      "actions": [
        {
          "name": "Continue online",
          "journey": "ECARE_TEMP_LOGIN",
          "dimmable": false
        },
        {
          "name": "Dismiss",
          "journey": "DISMISS",
          "dimmable": false
        }
      ],
      "renderType": "native_info",
      "forcedRenderType": false
    },
    {
      "title": "Feature unavailable",
      "message": "We hope to have it working again soon. Please try again later.",
      "shortMessage": "",
      "codes": [
        3201
      ],
      "actions": [
        {
          "name": "Go back",
          "journey": "DISMISS",
          "dimmable": false
        }
      ],
      "renderType": "native_fullscreen",
      "forcedRenderType": true
    },
    {
      "title": "App currently unavailable",
      "message": "We hope to have the app working again soon.\nNeed some help? Ask us a question or talk to an adviser on our website.",
      "shortMessage": "Error - Please Retry",
      "codes": [
        3203
      ],
      "actions": [
        {
          "name": "Retry",
          "journey": "RETRY",
          "dimmable": true
        },
        {
          "name": "Help and support",
          "journey": "HELP",
          "dimmable": false
        }
      ],
      "renderType": "native_fullscreen_timer",
      "timerHeader": "You can try again in",
      "timerValue": "10",
      "timerFooter": "Seconds",
      "forcedRenderType": false
    }
  ]
}