{
  "status": {
    "code": 0,
    "analytics": {
      "status": "SUCCESS",
      "guid": "14841040-7cc7-4739-9a25-982ba09f69f8"
    }
  },
  "lastAPICall": "2019-08-04T12:57:18",
  "content": {
    "webview_grant_permissions_title": "Grant permission",
    "nps_medallia_web_view_title": "Tell us what you think",
    "embedded_error_timer_header": "You can try again in",
    "embedded_error_timer_value": "10",
    "start_cta": "Start",
    "tobi_rider_text": "Hi, I’m TOBi, Vodafone's\nvirtual assistant.\nHow can I help?",
    "error_retry_timer": "Error: Retry in #timer#",
    "let_get_start": "Let's get started",
    "login_to_start_cta": "Login to start",
    "webview_grant_permissions_message": "In order to download a copy of your bill you will need to go into your device settings and enable the Storage permission for My Vodafone",
    "embedded_error_timer_footer": "Seconds",
    "embedded_error_message": "We're sorry, we can't find this information right now.",
    "faqs_messaging_desc": "For the best chat experience and to view previous conversations,user our new messaging service.",
    "faqs_messaging_can_not_login": "Can't log in? Ask us a question"
  }
}