{
  "status": {
    "code": 0,
    "analytics": {
      "status": "SUCCESS",
      "guid": "d1b28f1f-aebc-4fba-bce3-9d0542cb1cf3"
    }
  },
  "lastAPICall": "2019-08-04T12:57:18",
  "content": {
    "login_info_footer": "Once you've logged on, we'll only need your PIN, fingerprint or Face ID in the future to access these features.",
    "notifications_inbox_show_all_messages": "Show all messages",
    "changePin_title": "Enter or set up your PIN",
    "pin_setup_entry_new_pin_desc": "Confirm your existing Vodafone PIN or set a new one.<br/>This PIN is used to confirm your identity when you contact us or log in to your account.",
    "notifications_inbox_empty_messages": "No Messages",
    "login_new_header": "We need to check that it's you before you can see secure information or make a purchase",
    "title_login": "Log in to My Vodafone",
    "pin_title_change_pin": "Change PIN",
    "pin_setup_pin_title": "Setup PIN",
    "login_password_hint": "Password",
    "notifications_inbox_delete": "Delete",
    "touch_id_popup_message": "Touch the home button to log in",
    "reset_password_success_message": "Thanks, we've sent a temporary password to your registered email address.\nPlease use this to log in to the app, before you set a new password.",
    "or_word": "Or",
    "confirmPin_title": "Re-enter your PIN",
    "login_info_view_and_pay_bill": "View and pay your bill",
    "thanks_for_verifying": "Thanks for verifying",
    "reset_password_successfully_screen_title": "Congratulations",
    "pin_login_new_pin_desc": "This PIN is used to confirm your identity across all Vodafone channels (such as contact centre, desktop sites or Live Chat).",
    "login_info_manage_extras": "Manage your extras",
    "pin_login_continue_button": "Continue",
    "enter_pin": "Enter your PIN",
    "not_logged_in": "Not \n logged in",
    "touch_id_prompt_title": "Enable Touch ID",
    "login_can_registered_with_vodafone": "You can also <u>register</u> if you haven't been set up with an account yet",
    "reset_password_new_password_title": "New password:",
    "reset_password_cta": "Reset Password",
    "changePin_alert": "Your PIN can't use all repeated numbers (e.g. 1111), and they shouldn't all be consecutive (e.g. 1234).",
    "username_popup_login": "This might be your email address or a unique name you created when you registered with Vodafone",
    "finger_print_popup_message": "Unlock restricted location",
    "title_inbox_lis": "My Vodafone Messages",
    "touch_id_toggle_message": "Switch on for fast authentication experience.",
    "reset_password_confirm_password_title": "Confirm new password:",
    "confirmPin_confirm": "Confirm PIN",
    "last_name": "Last name",
    "pin_button_continue": "Continue",
    "login_reset_password": "Forgot password?",
    "changePin_enterPin": "Enter your PIN",
    "reset_password_invalid_password_message": "Please make sure your password is between 6 and 30 characters.",
    "email_address": "Email address",
    "reset_password_unmatching_passwords_message": "The passwords you've entered do not match. Please try again.",
    "login_can_registered_with_vodafone_android": "You can also <u><a href='myvodafone://ECARE_REGISTRATION'>register</a></u> if you haven't\nbeen set up with an account yet.",
    "resestpassword_temp_password_placeholder": "We've emailed this to you",
    "login_info_upgrade_your_plan": "Upgrade/change your plan",
    "pin_change_entry_new_pin_desc": "This PIN is used to confirm your identity across all Vodafone channels (such as contact centre, desktop sites or Live Chat).<br/><br/><b>Please note:</b> this will reset your existing Vodafone account PIN",
    "resestpassword_new_password_placeholder": "Between 6 and 30 characters",
    "face_id_toggle": "Enable Face ID",
    "login_info_title": "Improve your Vodafone experience \n by logging into your account.",
    "show_all_message": "Show all message",
    "login_now": "Login now",
    "reset_password_successfully_screen_body": "You have successfully reset your My Vodafone password.",
    "resestpassword_new_password_popup_reset_password": "Your password should be between 6 and 30 characters. To make it strong it should include at least 1 capital letter, number & special character.",
    "user_name_reminder_hint_popup_button_txt": "OK",
    "pin_entry_new_pin_title": "Enter your new PIN",
    "pin_login_forgot_pin_body": "We need to log you out so you can start the PIN set-up process again.",
    "face_id_prompt_title": "Enable Face ID",
    "finger_print_setting_message": "You can manage your login details in the app settings.",
    "pin_login_title_label": "Enter your PIN",
    "pin_setup_entry_new_pin_title": "Enter your PIN",
    "notifications_inbox_title": "My Vodafone Messages",
    "login_password_placeholder": "Your Saved Password",
    "pin_title_confirm_pin": "Confirm PIN",
    "login_info_personalized_offers": "See personalised offers for you",
    "changePin_alert_button": "OK",
    "logged_in": "Logged in",
    "login_username_placeholder": "joebloggs88",
    "login_reset_username": "Forgot username?",
    "reset_password_temporary_title": "Temporary password:",
    "confirmPin_continue": "Continue",
    "verify_account": "Verify your account",
    "hint_word": "Hint",
    "pin_login_button": "Log in",
    "changePin_continue": "Continue",
    "face_id_prompt_desc": "Use your Face ID instead of your PIN to access secure information such as billing information, upgrade your device or change your plan.\n\nYou can manage your login details in the app settings.",
    "inbox_empty_messages": "No Messages",
    "changePin_desc": "Confirm your existing Vodafone PIN or set a new one. \nThis PIN is used to confirm your identity when you contact us or log in to your account.",
    "next": "Next",
    "pin_entry_confirm_pin_title": "Enter your new PIN again",
    "finger_print_auth_title": "Use Fingerprint ID for My Vodafone   ",
    "finger_print_popup_title": "Use Fingerprint ID for My Vodafone",
    "resestpassword_confirm_new_password_placeholder": "Re-enter your password",
    "reset_password_change_password_cta": "Next",
    "touch_id_prompt_desc": "Use your fingerprint instead of your PIN to access secure information such as billing information, upgrade your device or change your plan.\n\nYou can manage your login details in the app settings.",
    "pin_login_forgot_pin_button": "Forgotten your PIN?",
    "login_info_view_current_charges": "View your current charges & usage",
    "face_id_toggle_message": "Switch on for fast authentication experience.",
    "touch_id_toggle_Enabled": " Enabled",
    "first_name": "First name",
    "notifications_delete_button": "Delete",
    "finger_print_auth_message": "Touch the fingerprint sensor to log in",
    "touch_id_popup_fallback": "Enter PIN",
    "reset_password_title": "Reset your password",
    "login_alert_button": "OK",
    "login_go": "Log in",
    "reset_password_sub_details": "We will send you a temporary password to the email associated with this account",
    "login_username_hint": "Username",
    "pin_login_screen_title": "Enter PIN",
    "touch_id_toggle": "Enable Touch ID",
    "email_address_placeholder": "jon.snow@gmail.com",
    "reset_password_close_cta": "Close",
    "memorable_word": "Your memorable word :",
    "username": "Your username is"
  }
}