{
  "status": {
    "code": 0,
    "analytics": {
      "status": "SUCCESS",
      "guid": "265eb3cd-85a3-4b1d-b0ed-b7ce6bfc999a"
    }
  },
  "lastAPICall": "2019-08-04T12:57:19",
  "content": {
    "formData": {
      "title": "%Phonebook_lookup%'s phone",
      "formFields": [
        {
          "id": "issueType",
          "type": "string",
          "title": "What are you having issues with?",
          "required": true,
          "options": [
            {
              "title": "Calls",
              "iconId": 35,
              "nextQuestions": [
                "callsAffecting1"
              ]
            },
            {
              "title": "Data",
              "iconId": 36,
              "nextQuestions": [
                "dataAffecting1"
              ]
            }
          ]
        },
        {
          "id": "callsAffecting1",
          "type": "string",
          "title": "What happened?",
          "required": true,
          "options": [
            {
              "title": "No signal",
              "iconId": 37,
              "nextQuestions": [
                "callsAffecting2"
              ]
            },
            {
              "title": "Call didn't connect",
              "iconId": 38,
              "nextQuestions": [
                "callsAffecting2"
              ]
            },
            {
              "title": "Call dropped/Poor quality",
              "iconId": 39,
              "nextQuestions": [
                "callsAffecting2"
              ]
            }
          ]
        },
        {
          "id": "callsAffecting2",
          "type": "string",
          "title": "Where were you when it happened?",
          "required": true,
          "options": [
            {
              "title": "At home",
              "iconId": 40,
              "nextQuestions": [
                "whendidithappencalendar",
                "submitfeedback"
              ]
            },
            {
              "title": "Out and about",
              "iconId": 41,
              "nextQuestions": [
                "whendidithappencalendar",
                "submitfeedback"
              ]
            },
            {
              "title": "Road/Rail",
              "iconId": 42,
              "nextQuestions": [
                "whendidithappencalendar",
                "submitfeedback"
              ]
            }
          ]
        },
        {
          "id": "dataAffecting1",
          "type": "string",
          "title": "What happened?",
          "required": true,
          "options": [
            {
              "title": "No data connection",
              "iconId": 38,
              "nextQuestions": [
                "dataAffecting2"
              ]
            },
            {
              "title": "Too slow",
              "iconId": 44,
              "nextQuestions": [
                "dataAffecting2"
              ]
            }
          ]
        },
        {
          "id": "dataAffecting2",
          "type": "string",
          "title": "Where were you when it happened?",
          "required": true,
          "options": [
            {
              "title": "At home",
              "iconId": 40,
              "nextQuestions": [
                "whendidithappencalendar",
                "submitfeedback"
              ]
            },
            {
              "title": "Out and about",
              "iconId": 41,
              "nextQuestions": [
                "whendidithappencalendar",
                "submitfeedback"
              ]
            },
            {
              "title": "Road/Rail",
              "iconId": 42,
              "nextQuestions": [
                "whendidithappencalendar",
                "submitfeedback"
              ]
            }
          ]
        },
        {
          "id": "whendidithappencalendar",
          "type": "date",
          "title": "When did it happen?",
          "nextQuestions": [
            "submitfeedback"
          ]
        },
        {
          "id": "submitfeedback",
          "type": "button",
          "title": "Before submitting your feedback, here's a reminder of the <u><a href=\"myvodafone://PRIVACY_SUPPLEMENT\">My Vodafone App Privacy Supplement</a></u>",
          "buttonText": "Submit feedback"
        }
      ]
    }
  }
}