{
  "status": {
    "code": 0,
    "analytics": {
      "status": "SUCCESS",
      "guid": "3be2442e-28bb-4545-a0d4-2a274392813a"
    }
  },
  "lastAPICall": "2019-08-04T12:57:16",
  "journeys": [
    {
      "id": 1,
      "name": "HOME",
      "target": "myvodafone://dashboard",
      "ssoEnabled": false,
      "loginRequired": false,
      "verificationRequired": false,
      "connectionRequired": false,
      "modifiedDatetime": 1553522529000,
      "type": "APP_SCREEN",
      "requiredAuth": false,
      "skipStartup": false
    },
    {
      "id": 2,
      "name": "NONE",
      "target": "",
      "ssoEnabled": false,
      "loginRequired": false,
      "verificationRequired": false,
      "connectionRequired": false,
      "modifiedDatetime": 1553522529000,
      "type": "APP_SCREEN",
      "requiredAuth": false,
      "skipStartup": false
    },
    {
      "id": 3,
      "name": "MY_PRODUCTS_AND_SERVICES",
      "target": "myvodafone://productsandservices",
      "ssoEnabled": false,
      "loginRequired": false,
      "verificationRequired": false,
      "connectionRequired": false,
      "modifiedDatetime": 1553522529000,
      "type": "APP_SCREEN",
      "requiredAuth": false,
      "skipStartup": true
    },
    {
      "id": 4,
      "name": "VODAFONE_START",
      "target": "https://start.vodafone.com/ssp/myvflink/UK",
      "ssoEnabled": false,
      "loginRequired": false,
      "verificationRequired": false,
      "connectionRequired": true,
      "modifiedDatetime": 1553522529000,
      "type": "CUSTOM_TAB",
      "requiredAuth": false,
      "skipStartup": false
    },
    {
      "id": 5,
      "name": "PAYG1_FIND_OUT_MORE",
      "target": "https://start.vodafone.com/ssp/myvflink/UK",
      "ssoEnabled": false,
      "loginRequired": false,
      "verificationRequired": false,
      "connectionRequired": true,
      "modifiedDatetime": 1553522529000,
      "type": "EXTERNAL",
      "requiredAuth": false,
      "skipStartup": false
    },
    {
      "id": 6,
      "name": "PREVIOUS_EBILL",
      "target": "https://m.vodafone.co.uk/vmobile/faces/app/newlatestbill.jspx",
      "ssoEnabled": true,
      "loginRequired": true,
      "verificationRequired": false,
      "connectionRequired": true,
      "modifiedDatetime": 1553522529000,
      "type": "INTERNAL",
      "requiredAuth": false,
      "skipStartup": false
    },
    {
      "id": 7,
      "name": "PREVIOUS_BILLS",
      "target": "myvodafone://previousBill",
      "ssoEnabled": false,
      "loginRequired": false,
      "verificationRequired": false,
      "connectionRequired": false,
      "modifiedDatetime": 1553522529000,
      "type": "APP_SCREEN",
      "requiredAuth": false,
      "skipStartup": true
    },
    {
      "id": 8,
      "name": "VIEW_LAST_BILLS",
      "target": "https://m.vodafone.co.uk/vmobile/faces/app/newpreviousbill.jspx",
      "ssoEnabled": true,
      "loginRequired": true,
      "verificationRequired": false,
      "connectionRequired": true,
      "modifiedDatetime": 1553522529000,
      "type": "INTERNAL",
      "requiredAuth": false,
      "skipStartup": true
    },
    {
      "id": 9,
      "name": "HELP",
      "target": "myvodafone://support",
      "ssoEnabled": false,
      "loginRequired": false,
      "verificationRequired": false,
      "connectionRequired": false,
      "modifiedDatetime": 1553522529000,
      "title": "Help",
      "type": "APP_SCREEN",
      "requiredAuth": false,
      "skipStartup": false
    },
    {
      "id": 10,
      "name": "MY_OFFERS",
      "target": "https://m.vodafone.co.uk/vmobile/faces/app/myoffers.jspx",
      "ssoEnabled": true,
      "loginRequired": true,
      "verificationRequired": false,
      "connectionRequired": true,
      "modifiedDatetime": 1553522529000,
      "title": "Offers for you",
      "type": "INTERNAL",
      "requiredAuth": false,
      "skipStartup": true
    },
    {
      "id": 11,
      "name": "BROWSE_EXTRAS",
      "target": "https://m.vodafone.co.uk/vmobile/faces/app/manageservices.jspx",
      "ssoEnabled": true,
      "loginRequired": true,
      "verificationRequired": false,
      "connectionRequired": true,
      "modifiedDatetime": 1553522529000,
      "title": "Manage Bars and Extras",
      "type": "INTERNAL",
      "requiredAuth": false,
      "skipStartup": false
    },
    {
      "id": 12,
      "name": "SETTING_SCREEN",
      "target": "myvodafone://settings",
      "ssoEnabled": false,
      "loginRequired": false,
      "verificationRequired": false,
      "connectionRequired": false,
      "modifiedDatetime": 1553522529000,
      "type": "APP_SCREEN",
      "requiredAuth": false,
      "skipStartup": false
    },
    {
      "id": 13,
      "name": "CALL_US",
      "target": "08080022009",
      "ssoEnabled": false,
      "loginRequired": false,
      "verificationRequired": false,
      "connectionRequired": false,
      "modifiedDatetime": 1553522529000,
      "type": "PHONE",
      "requiredAuth": false,
      "skipStartup": false
    },
    {
      "id": 14,
      "name": "CALL_US_SMB",
      "target": "08080044619",
      "ssoEnabled": false,
      "loginRequired": false,
      "verificationRequired": false,
      "connectionRequired": false,
      "modifiedDatetime": 1553522530000,
      "type": "PHONE",
      "requiredAuth": false,
      "skipStartup": false
    },
    {
      "id": 15,
      "name": "FIND_NEAREST_STORE",
      "target": "http://m.vodafone.co.uk/mobile/store_finder/index.htm",
      "ssoEnabled": false,
      "loginRequired": false,
      "verificationRequired": false,
      "connectionRequired": true,
      "modifiedDatetime": 1553522530000,
      "type": "INTERNAL",
      "requiredAuth": false,
      "skipStartup": false
    },
    {
      "id": 16,
      "name": "UPGRADE_NOW",
      "target": "https://m.vodafone.co.uk/vmobile/faces/app/upgrade.jspx?cid=app-traffic-upgrades",
      "ssoEnabled": true,
      "loginRequired": true,
      "verificationRequired": false,
      "connectionRequired": true,
      "modifiedDatetime": 1553522530000,
      "title": "Upgrade",
      "type": "INTERNAL",
      "requiredAuth": false,
      "skipStartup": false
    },
    {
      "id": 17,
      "name": "ADD_DATA_PACK",
      "target": "https://m.vodafone.co.uk/vmobile/faces/app/atopup.jspx",
      "ssoEnabled": false,
      "loginRequired": false,
      "verificationRequired": false,
      "connectionRequired": true,
      "modifiedDatetime": 1553522530000,
      "title": "Add a data pack",
      "type": "INTERNAL",
      "requiredAuth": false,
      "skipStartup": false
    },
    {
      "id": 18,
      "name": "VELTI",
      "target": "https://rewards.vodafone.co.uk/catalogue",
      "ssoEnabled": false,
      "loginRequired": false,
      "verificationRequired": false,
      "connectionRequired": true,
      "modifiedDatetime": 1553522554000,
      "method": "POST",
      "partner": "VELTI",
      "title": "Spend top up rewards",
      "type": "INTERNAL",
      "parameters": {
        "BODY": {
          "msisdn": "#authtoken"
        }
      },
      "requiredAuth": true,
      "authParams": {
        "third_partner_name": "Velti"
      },
      "skipStartup": false
    },
    {
      "id": 19,
      "name": "PONTIS_OFFERS",
      "target": "https://paygoffers.vodafone.co.uk",
      "ssoEnabled": false,
      "loginRequired": false,
      "verificationRequired": false,
      "connectionRequired": true,
      "modifiedDatetime": 1553522530000,
      "method": "POST",
      "title": "Offers for you",
      "type": "INTERNAL",
      "parameters": {
        "BODY": {
          "source": "myvfapp",
          "msisdn": "#authtoken"
        }
      },
      "requiredAuth": true,
      "authParams": {
        "third_partner_name": "PONTIS"
      },
      "skipStartup": false
    },
    {
      "id": 20,
      "name": "Notifications",
      "target": "myvodafone://notificationInbox",
      "ssoEnabled": false,
      "loginRequired": false,
      "verificationRequired": false,
      "connectionRequired": false,
      "modifiedDatetime": 1553522530000,
      "type": "APP_SCREEN",
      "requiredAuth": false,
      "skipStartup": true
    },
    {
      "id": 21,
      "name": "CURRENT_CHARGES",
      "target": "myvodafone://currentCharges",
      "ssoEnabled": false,
      "loginRequired": false,
      "verificationRequired": false,
      "connectionRequired": false,
      "modifiedDatetime": 1553522530000,
      "type": "APP_SCREEN",
      "requiredAuth": false,
      "skipStartup": false
    },
    {
      "id": 22,
      "name": "VIEW_ITEMISED_BILL",
      "target": "https://m.vodafone.co.uk/vmobile/faces/app/nextbill.jspx",
      "ssoEnabled": true,
      "loginRequired": true,
      "verificationRequired": false,
      "connectionRequired": true,
      "modifiedDatetime": 1553522530000,
      "type": "INTERNAL",
      "requiredAuth": false,
      "skipStartup": false
    },
    {
      "id": 23,
      "name": "MANAGE_SMS_ADD_ONS",
      "target": "https://m.vodafone.co.uk/vmobile/faces/app/managetextpictures.jspx",
      "ssoEnabled": true,
      "loginRequired": true,
      "verificationRequired": false,
      "connectionRequired": true,
      "modifiedDatetime": 1553522530000,
      "type": "INTERNAL",
      "requiredAuth": false,
      "skipStartup": false
    },
    {
      "id": 24,
      "name": "MANAGE_VOICE_ADD_ONS",
      "target": "https://m.vodafone.co.uk/vmobile/faces/app/managecallsmins.jspx",
      "ssoEnabled": true,
      "loginRequired": true,
      "verificationRequired": false,
      "connectionRequired": true,
      "modifiedDatetime": 1553522530000,
      "type": "INTERNAL",
      "requiredAuth": false,
      "skipStartup": false
    },
    {
      "id": 25,
      "name": "MANAGE_DATA_ADD_ONS",
      "target": "https://m.vodafone.co.uk/vmobile/faces/app/managedataaddons.jspx",
      "ssoEnabled": true,
      "loginRequired": true,
      "verificationRequired": false,
      "connectionRequired": true,
      "modifiedDatetime": 1553522556000,
      "title": "Add data extra",
      "type": "INTERNAL",
      "requiredAuth": false,
      "skipStartup": false
    },
    {
      "id": 26,
      "name": "MANAGE_DATA_CAP",
      "target": "https://m.vodafone.co.uk/vmobile/faces/app/domesticdataaddons.jspx",
      "ssoEnabled": true,
      "loginRequired": true,
      "verificationRequired": false,
      "connectionRequired": true,
      "modifiedDatetime": 1553522531000,
      "type": "INTERNAL",
      "requiredAuth": false,
      "skipStartup": false
    },
    {
      "id": 27,
      "name": "HOW_TO_UPGRADE",
      "target": "myvodafone://how_to_upgrade",
      "ssoEnabled": false,
      "loginRequired": false,
      "verificationRequired": false,
      "connectionRequired": false,
      "modifiedDatetime": 1553522540000,
      "type": "APP_SCREEN",
      "requiredAuth": false,
      "skipStartup": true
    },
    {
      "id": 28,
      "name": "MANAGE_PASSES",
      "target": "https://m.vodafone.co.uk/vmobile/faces/app/vodafonepasses.jspx",
      "ssoEnabled": true,
      "loginRequired": true,
      "verificationRequired": false,
      "connectionRequired": true,
      "modifiedDatetime": 1553522531000,
      "type": "INTERNAL",
      "requiredAuth": false,
      "skipStartup": false
    },
    {
      "id": 29,
      "name": "ADDONS_DATA",
      "target": "myvodafone://addons/data",
      "ssoEnabled": false,
      "loginRequired": false,
      "verificationRequired": false,
      "connectionRequired": false,
      "modifiedDatetime": 1553522531000,
      "type": "APP_SCREEN",
      "requiredAuth": false,
      "skipStartup": false
    },
    {
      "id": 30,
      "name": "ADDONS_VOICE",
      "target": "myvodafone://addons/voice",
      "ssoEnabled": false,
      "loginRequired": false,
      "verificationRequired": false,
      "connectionRequired": false,
      "modifiedDatetime": 1553522531000,
      "type": "APP_SCREEN",
      "requiredAuth": false,
      "skipStartup": false
    },
    {
      "id": 31,
      "name": "ADDONS_SMS",
      "target": "myvodafone://addons/sms",
      "ssoEnabled": false,
      "loginRequired": false,
      "verificationRequired": false,
      "connectionRequired": false,
      "modifiedDatetime": 1553522531000,
      "type": "APP_SCREEN",
      "requiredAuth": false,
      "skipStartup": false
    },
    {
      "id": 32,
      "name": "ADDONS_ETDATA",
      "target": "myvodafone://addons/data",
      "ssoEnabled": false,
      "loginRequired": false,
      "verificationRequired": false,
      "connectionRequired": false,
      "modifiedDatetime": 1553522531000,
      "type": "APP_SCREEN",
      "requiredAuth": false,
      "skipStartup": false
    },
    {
      "id": 33,
      "name": "ADDONS_ETVOICE",
      "target": "myvodafone://addons/voice",
      "ssoEnabled": false,
      "loginRequired": false,
      "verificationRequired": false,
      "connectionRequired": false,
      "modifiedDatetime": 1553522531000,
      "type": "APP_SCREEN",
      "requiredAuth": false,
      "skipStartup": false
    },
    {
      "id": 34,
      "name": "ADDONS_ETSMS",
      "target": "myvodafone://addons/sms",
      "ssoEnabled": false,
      "loginRequired": false,
      "verificationRequired": false,
      "connectionRequired": false,
      "modifiedDatetime": 1553522531000,
      "type": "APP_SCREEN",
      "requiredAuth": false,
      "skipStartup": false
    },
    {
      "id": 35,
      "name": "TOP_UP",
      "target": "myvodafone://topup",
      "ssoEnabled": false,
      "loginRequired": false,
      "verificationRequired": false,
      "connectionRequired": false,
      "modifiedDatetime": 1553522540000,
      "title": "Top up",
      "type": "APP_SCREEN",
      "requiredAuth": false,
      "skipStartup": false
    },
    {
      "id": 36,
      "name": "TOP_UP_MIPAY",
      "target": "https://topup.vodafone.co.uk/topup/UnregisteredTopup/MobileApp",
      "ssoEnabled": false,
      "loginRequired": false,
      "verificationRequired": false,
      "connectionRequired": true,
      "modifiedDatetime": 1553522540000,
      "title": "Top up",
      "type": "INTERNAL",
      "requiredAuth": false,
      "skipStartup": false
    },
    {
      "id": 37,
      "name": "ACTIVATE_VOUCHER",
      "target": "https://m.vodafone.co.uk/vmobile/faces/app/avoucher.jspx",
      "ssoEnabled": false,
      "loginRequired": false,
      "verificationRequired": false,
      "connectionRequired": true,
      "modifiedDatetime": 1553522531000,
      "title": "Activate Voucher",
      "type": "INTERNAL",
      "requiredAuth": false,
      "skipStartup": false
    },
    {
      "id": 38,
      "name": "VESTA_ANONY_TOPUP",
      "target": "https://pal1-vodafone-uk-mobileapp.ecustomersupport.com/VodafoneUKMobileWebUI/UI",
      "ssoEnabled": false,
      "loginRequired": false,
      "verificationRequired": false,
      "connectionRequired": true,
      "modifiedDatetime": 1553522531000,
      "method": "GET",
      "partner": "VESTA_AT",
      "title": "Top up any number",
      "type": "CUSTOM_TAB",
      "parameters": {
        "QUERY": {
          "ACTION": "AT",
          "authToken": "#authtoken"
        }
      },
      "requiredAuth": true,
      "authParams": {
        "third_partner_name": "VESTA_AT"
      },
      "skipStartup": false
    },
    {
      "id": 39,
      "name": "VESTA_AUTO_TOPUP",
      "target": "https://pal1-vodafone-uk-mobileapp.ecustomersupport.com/VodafoneUKMobileWebUI/UI",
      "ssoEnabled": false,
      "loginRequired": false,
      "verificationRequired": false,
      "connectionRequired": true,
      "modifiedDatetime": 1553522531000,
      "method": "POST",
      "partner": "VESTA_T",
      "title": "Auto Top Up",
      "type": "INTERNAL",
      "parameters": {
        "BODY": {
          "ACTION": "AR",
          "authToken": "#authtoken"
        }
      },
      "requiredAuth": true,
      "authParams": {
        "third_partner_name": "VESTA_T"
      },
      "skipStartup": false
    },
    {
      "id": 40,
      "name": "MANAGE_MY_CARDS",
      "target": "https://pal1-vodafone-uk-mobileapp.ecustomersupport.com/VodafoneUKMobileWebUI/UI",
      "ssoEnabled": false,
      "loginRequired": false,
      "verificationRequired": false,
      "connectionRequired": true,
      "modifiedDatetime": 1553522531000,
      "method": "POST",
      "partner": "VESTA_T",
      "title": "Manage cards",
      "type": "INTERNAL",
      "parameters": {
        "BODY": {
          "ACTION": "W",
          "authToken": "#authtoken"
        }
      },
      "requiredAuth": true,
      "authParams": {
        "third_partner_name": "VESTA_T"
      },
      "skipStartup": false
    },
    {
      "id": 41,
      "name": "VESTA_PAY_PAL_TOPUP",
      "target": "https://pal1-vodafone-uk-mobileapp.ecustomersupport.com/VodafoneUKMobileWebUI/UI",
      "ssoEnabled": false,
      "loginRequired": false,
      "verificationRequired": false,
      "connectionRequired": true,
      "modifiedDatetime": 1553522531000,
      "method": "POST",
      "partner": "VESTA_AT",
      "title": "Top up with PayPal",
      "type": "INTERNAL",
      "parameters": {
        "BODY": {
          "ACTION": "PP",
          "authToken": "#authtoken"
        }
      },
      "requiredAuth": true,
      "authParams": {
        "third_partner_name": "VESTA_AT"
      },
      "skipStartup": false
    },
    {
      "id": 42,
      "name": "VESTA_LOGGEDIN_TOPUP",
      "target": "https://pal1-vodafone-uk-mobileapp.ecustomersupport.com/VodafoneUKMobileWebUI/UI",
      "ssoEnabled": false,
      "loginRequired": false,
      "verificationRequired": false,
      "connectionRequired": true,
      "modifiedDatetime": 1553522531000,
      "method": "POST",
      "partner": "VESTA_T",
      "title": "Top up my number",
      "type": "INTERNAL",
      "parameters": {
        "BODY": {
          "ACTION": "T",
          "authToken": "#authtoken"
        }
      },
      "requiredAuth": true,
      "authParams": {
        "third_partner_name": "VESTA_T"
      },
      "skipStartup": false
    },
    {
      "id": 43,
      "name": "COVERAGE_CHECKER",
      "target": "https://maps.vodafone.co.uk/coveragecheckers/web/default.aspx?configuration=vod",
      "ssoEnabled": false,
      "loginRequired": false,
      "verificationRequired": false,
      "connectionRequired": true,
      "modifiedDatetime": 1553522557000,
      "title": "Network Status Checker",
      "type": "INTERNAL",
      "requiredAuth": false,
      "skipStartup": true
    },
    {
      "id": 44,
      "name": "STORE_LOCATOR",
      "target": "https://www.vodafone.co.uk/find-a-store/",
      "ssoEnabled": false,
      "loginRequired": false,
      "verificationRequired": false,
      "connectionRequired": true,
      "modifiedDatetime": 1553522531000,
      "title": "Store locator",
      "type": "INTERNAL",
      "requiredAuth": false,
      "skipStartup": false
    },
    {
      "id": 45,
      "name": "VODAFONE_BLOG",
      "target": "https://blog.vodafone.co.uk/?webview=true",
      "ssoEnabled": false,
      "loginRequired": false,
      "verificationRequired": false,
      "connectionRequired": true,
      "modifiedDatetime": 1553522560000,
      "title": "Vodafone Blog",
      "type": "INTERNAL",
      "requiredAuth": false,
      "skipStartup": false
    },
    {
      "id": 46,
      "name": "BUY_BACK",
      "target": "http://www.vodafone.co.uk/explore/benefits/app/vodafone-trade-in/index.htm",
      "ssoEnabled": false,
      "loginRequired": false,
      "verificationRequired": false,
      "connectionRequired": true,
      "modifiedDatetime": 1553522534000,
      "title": "Trade in",
      "type": "INTERNAL",
      "requiredAuth": false,
      "skipStartup": false
    },
    {
      "id": 47,
      "name": "CHANGE_YOUR_PACKAGE",
      "target": "https://m.vodafone.co.uk/vmobile/faces/app/changeyourplan.jspx",
      "ssoEnabled": true,
      "loginRequired": true,
      "verificationRequired": false,
      "connectionRequired": true,
      "modifiedDatetime": 1553522534000,
      "title": "Change your bundle",
      "type": "INTERNAL",
      "requiredAuth": false,
      "skipStartup": false
    },
    {
      "id": 48,
      "name": "ECARE_WEBCHAT",
      "target": "https://www.vodafone.co.uk/vodafone-uk/app/webchat/index.htm?VODapp",
      "ssoEnabled": false,
      "loginRequired": false,
      "verificationRequired": false,
      "connectionRequired": true,
      "modifiedDatetime": 1553522551000,
      "type": "CUSTOM_TAB",
      "requiredAuth": false,
      "skipStartup": false
    },
    {
      "id": 49,
      "name": "VODAFONE_FORUM",
      "target": "http://forum.vodafone.co.uk/",
      "ssoEnabled": false,
      "loginRequired": false,
      "verificationRequired": false,
      "connectionRequired": true,
      "modifiedDatetime": 1553522537000,
      "type": "CUSTOM_TAB",
      "requiredAuth": false,
      "skipStartup": false
    },
    {
      "id": 50,
      "name": "NANOREP_FAQS",
      "target": "https://support.vodafone.co.uk",
      "ssoEnabled": false,
      "loginRequired": false,
      "verificationRequired": false,
      "connectionRequired": true,
      "modifiedDatetime": 1553522537000,
      "title": "null",
      "type": "CUSTOM_TAB",
      "requiredAuth": false,
      "skipStartup": false
    },
    {
      "id": 51,
      "name": "VESTA_ANONY_TOPUP_PAYM",
      "target": "https://pal1-vodafone-uk-mobileapp.ecustomersupport.com/VodafoneUKMobileWebUI/UI",
      "ssoEnabled": false,
      "loginRequired": false,
      "verificationRequired": false,
      "connectionRequired": true,
      "modifiedDatetime": 1559144331000,
      "method": "GET",
      "title": "Top up any number ",
      "type": "CUSTOM_TAB",
      "parameters": {
        "QUERY": {
          "ACTION": "AT"
        }
      },
      "requiredAuth": false,
      "authParams": {
        "third_partner_name": "VESTA_AT"
      },
      "skipStartup": false
    },
    {
      "id": 52,
      "name": "BIG_VALUE_BUNDLES",
      "target": "https://www.vodafone.co.uk/shop/bundles-and-sims/pay-as-you-go-plans/big-value-bundles/",
      "ssoEnabled": false,
      "loginRequired": false,
      "verificationRequired": false,
      "connectionRequired": false,
      "modifiedDatetime": 1553522539000,
      "title": "null",
      "type": "CUSTOM_TAB",
      "requiredAuth": false,
      "skipStartup": false
    },
    {
      "id": 53,
      "name": "FIND_OUT_MORE_ECARE",
      "target": "http://www.vodafone.co.uk/explore/costs/travelling-abroad/",
      "ssoEnabled": false,
      "loginRequired": false,
      "verificationRequired": false,
      "connectionRequired": true,
      "modifiedDatetime": 1553522540000,
      "title": "Vodafone Global Roaming",
      "type": "INTERNAL",
      "requiredAuth": false,
      "skipStartup": false
    },
    {
      "id": 54,
      "name": "TRAVELLING_ABROAD_EXT",
      "target": "http://www.vodafone.co.uk/explore/costs/travelling-abroad/index.htm",
      "ssoEnabled": false,
      "loginRequired": false,
      "verificationRequired": false,
      "connectionRequired": true,
      "modifiedDatetime": 1553522540000,
      "title": "Travelling Abroad",
      "type": "EXTERNAL",
      "requiredAuth": false,
      "skipStartup": false
    },
    {
      "id": 55,
      "name": "EUROPE_ZONE_FIND_OUT_MORE",
      "target": "https://www.vodafone.co.uk/shop/bundles-and-sims/pay-as-you-go-plans/",
      "ssoEnabled": false,
      "loginRequired": false,
      "verificationRequired": false,
      "connectionRequired": true,
      "modifiedDatetime": 1553522540000,
      "title": "Find out more",
      "type": "INTERNAL",
      "requiredAuth": false,
      "skipStartup": false
    },
    {
      "id": 56,
      "name": "DISMISS",
      "target": "",
      "ssoEnabled": false,
      "loginRequired": false,
      "verificationRequired": false,
      "connectionRequired": false,
      "modifiedDatetime": 1553522543000,
      "type": "APP_SCREEN",
      "requiredAuth": false,
      "skipStartup": false
    },
    {
      "id": 57,
      "name": "MANAGE_DATA_ADD_ONS_ADD_DATA_EXTRA",
      "target": "https://m.vodafone.co.uk/vmobile/faces/app/managedataaddons.jspx",
      "ssoEnabled": true,
      "loginRequired": true,
      "verificationRequired": false,
      "connectionRequired": true,
      "modifiedDatetime": 1553522540000,
      "title": "Add data extra",
      "type": "INTERNAL",
      "requiredAuth": false,
      "skipStartup": false
    },
    {
      "id": 58,
      "name": "PAYG_ONE",
      "target": "https://www.vodafone.co.uk/shop/bundles-and-sims/pay-as-you-go-plans/pay-as-you-go-one",
      "ssoEnabled": false,
      "loginRequired": false,
      "verificationRequired": false,
      "connectionRequired": false,
      "modifiedDatetime": 1553522541000,
      "title": "null",
      "type": "CUSTOM_TAB",
      "requiredAuth": false,
      "skipStartup": false
    },
    {
      "id": 59,
      "name": "BUSINESS_PASS",
      "target": "https://www.vodafone.co.uk/businesspass",
      "ssoEnabled": false,
      "loginRequired": false,
      "verificationRequired": false,
      "connectionRequired": false,
      "modifiedDatetime": 1553522541000,
      "title": "null",
      "type": "CUSTOM_TAB",
      "requiredAuth": false,
      "skipStartup": false
    },
    {
      "id": 60,
      "name": "ECARE_REGISTRATION",
      "target": "https://m.vodafone.co.uk/vmobile/faces/registration.jspx?cid=MVA_Register",
      "ssoEnabled": false,
      "loginRequired": false,
      "verificationRequired": false,
      "connectionRequired": false,
      "modifiedDatetime": 1563269279000,
      "type": "CUSTOM_TAB",
      "requiredAuth": false,
      "skipStartup": false
    },
    {
      "id": 61,
      "name": "FORGOT_PASSWORD",
      "target": "myvodafone://resetPassword",
      "ssoEnabled": false,
      "loginRequired": false,
      "verificationRequired": false,
      "connectionRequired": false,
      "modifiedDatetime": 1563269279000,
      "type": "APP_SCREEN",
      "requiredAuth": false,
      "skipStartup": false
    },
    {
      "id": 62,
      "name": "FORGOT_USERNAME",
      "target": "myvodafone://resetUsername",
      "ssoEnabled": false,
      "loginRequired": false,
      "verificationRequired": false,
      "connectionRequired": false,
      "modifiedDatetime": 1563269279000,
      "type": "APP_SCREEN",
      "requiredAuth": false,
      "skipStartup": false
    },
    {
      "id": 63,
      "name": "ECARE_FORGOT_USERNAME",
      "target": "https://m.vodafone.co.uk/vmobile/faces/forgotusername.jspx?_adf.ctrl-state=oz0mqs28k_58&cid=MVA_Forgot_Username",
      "ssoEnabled": false,
      "loginRequired": false,
      "verificationRequired": false,
      "connectionRequired": true,
      "modifiedDatetime": 1563269279000,
      "type": "CUSTOM_TAB",
      "requiredAuth": false,
      "skipStartup": false
    },
    {
      "id": 64,
      "name": "LOGIN",
      "target": "myvodafone://login",
      "ssoEnabled": false,
      "loginRequired": false,
      "verificationRequired": false,
      "connectionRequired": false,
      "modifiedDatetime": 1563269279000,
      "type": "APP_SCREEN",
      "requiredAuth": false,
      "skipStartup": false
    },
    {
      "id": 65,
      "name": "LOGIN_PRESENTED",
      "target": "myvodafone://loginPresented",
      "ssoEnabled": false,
      "loginRequired": false,
      "verificationRequired": false,
      "connectionRequired": false,
      "modifiedDatetime": 1563269279000,
      "type": "APP_SCREEN",
      "requiredAuth": false,
      "skipStartup": false
    },
    {
      "id": 66,
      "name": "RESET_APP",
      "target": "myvodafone://reset",
      "ssoEnabled": false,
      "loginRequired": false,
      "verificationRequired": false,
      "connectionRequired": false,
      "modifiedDatetime": 1553522543000,
      "type": "APP_SCREEN",
      "requiredAuth": false,
      "skipStartup": false
    },
    {
      "id": 67,
      "name": "RETRY",
      "target": "",
      "ssoEnabled": false,
      "loginRequired": false,
      "verificationRequired": false,
      "connectionRequired": false,
      "modifiedDatetime": 1553522543000,
      "type": "APP_SCREEN",
      "requiredAuth": false,
      "skipStartup": false
    },
    {
      "id": 68,
      "name": "BACK",
      "target": "",
      "ssoEnabled": false,
      "loginRequired": false,
      "verificationRequired": false,
      "connectionRequired": false,
      "modifiedDatetime": 1553522543000,
      "type": "APP_SCREEN",
      "requiredAuth": false,
      "skipStartup": false
    },
    {
      "id": 69,
      "name": "UPDATE_ANDROID_APP",
      "target": "https://play.google.com/store/apps/details?id=com.myvodafoneapp&hl=en",
      "ssoEnabled": false,
      "loginRequired": false,
      "verificationRequired": true,
      "connectionRequired": true,
      "modifiedDatetime": 1553522543000,
      "type": "EXTERNAL",
      "requiredAuth": false,
      "skipStartup": false
    },
    {
      "id": 70,
      "name": "UPDATE_IOS_APP",
      "target": "https://itunes.apple.com/gb/app/my-vodafone/id370901726?mt=8",
      "ssoEnabled": false,
      "loginRequired": false,
      "verificationRequired": true,
      "connectionRequired": true,
      "modifiedDatetime": 1553522543000,
      "type": "EXTERNAL",
      "requiredAuth": false,
      "skipStartup": false
    },
    {
      "id": 71,
      "name": "RELOAD",
      "target": "",
      "ssoEnabled": false,
      "loginRequired": false,
      "verificationRequired": false,
      "connectionRequired": false,
      "modifiedDatetime": 1553522543000,
      "type": "APP_SCREEN",
      "requiredAuth": false,
      "skipStartup": false
    },
    {
      "id": 72,
      "name": "ECARE_LOGIN",
      "target": "https://m.vodafone.co.uk/vmobile/faces/overview.jspx",
      "ssoEnabled": true,
      "loginRequired": true,
      "verificationRequired": false,
      "connectionRequired": true,
      "modifiedDatetime": 1553522543000,
      "type": "INTERNAL",
      "requiredAuth": false,
      "skipStartup": false
    },
    {
      "id": 73,
      "name": "RESTART_JWT",
      "target": "",
      "ssoEnabled": false,
      "loginRequired": false,
      "verificationRequired": false,
      "connectionRequired": false,
      "modifiedDatetime": 1553522543000,
      "type": "APP_SCREEN",
      "requiredAuth": false,
      "skipStartup": false
    },
    {
      "id": 74,
      "name": "RESTART_MSP",
      "target": "",
      "ssoEnabled": false,
      "loginRequired": false,
      "verificationRequired": false,
      "connectionRequired": false,
      "modifiedDatetime": 1553522543000,
      "type": "APP_SCREEN",
      "requiredAuth": false,
      "skipStartup": false
    },
    {
      "id": 75,
      "name": "SETTINGS_RESET_APP",
      "target": "myvodafone://settingReset",
      "ssoEnabled": false,
      "loginRequired": false,
      "verificationRequired": false,
      "connectionRequired": false,
      "modifiedDatetime": 1553522546000,
      "type": "APP_SCREEN",
      "requiredAuth": false,
      "skipStartup": false
    },
    {
      "id": 76,
      "name": "LOGIN_OPTIONS",
      "target": "myvodafone://loginoptions",
      "ssoEnabled": false,
      "loginRequired": false,
      "verificationRequired": false,
      "connectionRequired": false,
      "modifiedDatetime": 1553522546000,
      "type": "APP_SCREEN",
      "requiredAuth": false,
      "skipStartup": false
    },
    {
      "id": 77,
      "name": "DEVICE_PERMISSIONS",
      "target": "myvodafone://DEVICE_PERMISSIONS",
      "ssoEnabled": false,
      "loginRequired": false,
      "verificationRequired": false,
      "connectionRequired": false,
      "modifiedDatetime": 1553522546000,
      "type": "APP_SCREEN",
      "requiredAuth": false,
      "skipStartup": false
    },
    {
      "id": 78,
      "name": "SPEED_CHECKER_SETTINGS",
      "target": "myvodafone://SPEED_CHECKER_SETTINGS",
      "ssoEnabled": false,
      "loginRequired": false,
      "verificationRequired": false,
      "connectionRequired": false,
      "modifiedDatetime": 1553522546000,
      "type": "APP_SCREEN",
      "requiredAuth": false,
      "skipStartup": false
    },
    {
      "id": 79,
      "name": "TERMS_AND_CONDITIONS_SETTINGS",
      "target": "myvodafone://TERMS_AND_CONDITIONS_SETTINGS",
      "ssoEnabled": false,
      "loginRequired": false,
      "verificationRequired": false,
      "connectionRequired": false,
      "modifiedDatetime": 1553522546000,
      "type": "APP_SCREEN",
      "requiredAuth": false,
      "skipStartup": false
    },
    {
      "id": 80,
      "name": "PRIVACY_SUPPLEMENT",
      "target": "myvodafone://PRIVACY_SUPPLEMENT",
      "ssoEnabled": false,
      "loginRequired": false,
      "verificationRequired": false,
      "connectionRequired": false,
      "modifiedDatetime": 1553522546000,
      "type": "APP_SCREEN",
      "requiredAuth": false,
      "skipStartup": false
    },
    {
      "id": 81,
      "name": "VODAFONE_PRIVACY",
      "target": "https://www.vodafone.co.uk/privacy",
      "ssoEnabled": false,
      "loginRequired": false,
      "verificationRequired": false,
      "connectionRequired": true,
      "modifiedDatetime": 1553522546000,
      "type": "CUSTOM_TAB",
      "requiredAuth": false,
      "skipStartup": false
    },
    {
      "id": 82,
      "name": "ANDROID_AD_PERSONALISATION",
      "target": "https://support.google.com/android/answer/3118621?hl=en-GB",
      "ssoEnabled": false,
      "loginRequired": false,
      "verificationRequired": false,
      "connectionRequired": true,
      "modifiedDatetime": 1553522547000,
      "type": "CUSTOM_TAB",
      "requiredAuth": false,
      "skipStartup": false
    },
    {
      "id": 83,
      "name": "CUSTOMER_DATA_QUERY_EMAIL",
      "target": "customerdataquery@vodafone.com",
      "ssoEnabled": false,
      "loginRequired": false,
      "verificationRequired": false,
      "connectionRequired": true,
      "modifiedDatetime": 1553522547000,
      "type": "EMAIL",
      "requiredAuth": false,
      "skipStartup": false
    },
    {
      "id": 84,
      "name": "DATA_PROTECTION_EMAIL",
      "target": "data.protection@vodafone.co.uk",
      "ssoEnabled": false,
      "loginRequired": false,
      "verificationRequired": false,
      "connectionRequired": true,
      "modifiedDatetime": 1553522547000,
      "type": "EMAIL",
      "requiredAuth": false,
      "skipStartup": false
    },
    {
      "id": 85,
      "name": "IOS_AD_PERSONALISATION",
      "target": "https://support.apple.com/en-gb/HT202074",
      "ssoEnabled": false,
      "loginRequired": false,
      "verificationRequired": false,
      "connectionRequired": true,
      "modifiedDatetime": 1553522547000,
      "type": "CUSTOM_TAB",
      "requiredAuth": false,
      "skipStartup": false
    },
    {
      "id": 86,
      "name": "VODAFONE_CONTACT_US",
      "target": "https://www.vodafone.co.uk/contact-us",
      "ssoEnabled": false,
      "loginRequired": false,
      "verificationRequired": false,
      "connectionRequired": true,
      "modifiedDatetime": 1553522547000,
      "type": "CUSTOM_TAB",
      "requiredAuth": false,
      "skipStartup": false
    },
    {
      "id": 87,
      "name": "VOXI_ECARE",
      "target": "https://www.voxi.co.uk/sign-in",
      "ssoEnabled": false,
      "loginRequired": false,
      "verificationRequired": false,
      "connectionRequired": true,
      "modifiedDatetime": 1553522548000,
      "title": "null",
      "type": "CUSTOM_TAB",
      "requiredAuth": false,
      "skipStartup": false
    },
    {
      "id": 88,
      "name": "ECARE_HOME_PAGE",
      "target": "https://www.vodafone.co.uk/myvodafone/faces/home",
      "ssoEnabled": false,
      "loginRequired": false,
      "verificationRequired": false,
      "connectionRequired": true,
      "modifiedDatetime": 1553522548000,
      "title": "null",
      "type": "CUSTOM_TAB",
      "requiredAuth": false,
      "skipStartup": false
    },
    {
      "id": 89,
      "name": "TRAVELLING_ABROAD",
      "target": "http://www.vodafone.co.uk/explore/costs/travelling-abroad/app/index.htm",
      "ssoEnabled": false,
      "loginRequired": false,
      "verificationRequired": false,
      "connectionRequired": false,
      "modifiedDatetime": 1553522548000,
      "title": "Travelling Abroad",
      "type": "INTERNAL",
      "requiredAuth": false,
      "skipStartup": false
    },
    {
      "id": 90,
      "name": "LOYALTY_LASSIE",
      "target": "https://staging.app.dev.vodafone.kermit.cloud",
      "ssoEnabled": false,
      "loginRequired": false,
      "verificationRequired": false,
      "connectionRequired": true,
      "modifiedDatetime": 1553522548000,
      "method": "GET",
      "type": "INTERNAL_NO_HEADERS",
      "parameters": {
        "QUERY": {
          "token": "#authtoken"
        }
      },
      "requiredAuth": true,
      "authParams": {
        "locationStatus": "#LOC_PERM_STATUS",
        "third_partner_name": "affinion",
        "location": "#LAT_LON"
      },
      "skipStartup": true
    },
    {
      "id": 91,
      "name": "LOYALTY_HOME",
      "target": "https://staging.app.dev.vodafone.kermit.cloud",
      "ssoEnabled": false,
      "loginRequired": false,
      "verificationRequired": false,
      "connectionRequired": true,
      "modifiedDatetime": 1553522548000,
      "method": "GET",
      "type": "INTERNAL_NO_HEADERS",
      "parameters": {
        "QUERY": {
          "token": "#authtoken"
        }
      },
      "requiredAuth": true,
      "authParams": {
        "locationStatus": "#LOC_PERM_STATUS",
        "third_partner_name": "affinion",
        "location": "#LAT_LON"
      },
      "skipStartup": true
    },
    {
      "id": 92,
      "name": "LOYALTY_WALLET_SAVED",
      "target": "https://staging.app.dev.vodafone.kermit.cloud",
      "ssoEnabled": false,
      "loginRequired": false,
      "verificationRequired": false,
      "connectionRequired": true,
      "modifiedDatetime": 1553522548000,
      "method": "GET",
      "type": "INTERNAL_NO_HEADERS",
      "parameters": {
        "QUERY": {
          "token": "#authtoken"
        }
      },
      "requiredAuth": true,
      "authParams": {
        "locationStatus": "#LOC_PERM_STATUS",
        "third_partner_name": "affinion",
        "location": "#LAT_LON"
      },
      "skipStartup": true
    },
    {
      "id": 93,
      "name": "LOYALTY_WALLET_CLAIMED",
      "target": "https://staging.app.dev.vodafone.kermit.cloud",
      "ssoEnabled": false,
      "loginRequired": false,
      "verificationRequired": false,
      "connectionRequired": true,
      "modifiedDatetime": 1553522548000,
      "method": "GET",
      "type": "INTERNAL_NO_HEADERS",
      "parameters": {
        "QUERY": {
          "token": "#authtoken"
        }
      },
      "requiredAuth": true,
      "authParams": {
        "locationStatus": "#LOC_PERM_STATUS",
        "third_partner_name": "affinion",
        "location": "#LAT_LON"
      },
      "skipStartup": true
    },
    {
      "id": 94,
      "name": "LOYALTY_HELP",
      "target": "https://staging.app.dev.vodafone.kermit.cloud",
      "ssoEnabled": false,
      "loginRequired": false,
      "verificationRequired": false,
      "connectionRequired": true,
      "modifiedDatetime": 1553522548000,
      "method": "GET",
      "type": "INTERNAL_NO_HEADERS",
      "parameters": {
        "QUERY": {
          "token": "#authtoken"
        }
      },
      "requiredAuth": true,
      "authParams": {
        "locationStatus": "#LOC_PERM_STATUS",
        "third_partner_name": "affinion",
        "location": "#LAT_LON"
      },
      "skipStartup": true
    },
    {
      "id": 95,
      "name": "LOYALTY_WALLET",
      "target": "https://staging.app.dev.vodafone.kermit.cloud",
      "ssoEnabled": false,
      "loginRequired": false,
      "verificationRequired": false,
      "connectionRequired": true,
      "modifiedDatetime": 1553522548000,
      "method": "GET",
      "type": "INTERNAL_NO_HEADERS",
      "parameters": {
        "QUERY": {
          "token": "#authtoken"
        }
      },
      "requiredAuth": true,
      "authParams": {
        "locationStatus": "#LOC_PERM_STATUS",
        "third_partner_name": "affinion",
        "location": "#LAT_LON"
      },
      "skipStartup": true
    },
    {
      "id": 96,
      "name": "LOYALTY_SETTINGS",
      "target": "https://staging.app.dev.vodafone.kermit.cloud",
      "ssoEnabled": false,
      "loginRequired": false,
      "verificationRequired": false,
      "connectionRequired": true,
      "modifiedDatetime": 1553522548000,
      "method": "GET",
      "type": "INTERNAL_NO_HEADERS",
      "parameters": {
        "QUERY": {
          "token": "#authtoken"
        }
      },
      "requiredAuth": true,
      "authParams": {
        "locationStatus": "#LOC_PERM_STATUS",
        "third_partner_name": "affinion",
        "location": "#LAT_LON"
      },
      "skipStartup": true
    },
    {
      "id": 97,
      "name": "LOYALTY_OFFER",
      "target": "https://staging.app.dev.vodafone.kermit.cloud",
      "ssoEnabled": false,
      "loginRequired": false,
      "verificationRequired": false,
      "connectionRequired": true,
      "modifiedDatetime": 1553522548000,
      "method": "GET",
      "type": "INTERNAL_NO_HEADERS",
      "parameters": {
        "QUERY": {
          "token": "#authtoken"
        }
      },
      "requiredAuth": true,
      "authParams": {
        "locationStatus": "#LOC_PERM_STATUS",
        "third_partner_name": "affinion",
        "location": "#LAT_LON"
      },
      "skipStartup": true
    },
    {
      "id": 98,
      "name": "LOYALTY_CATEGORY",
      "target": "https://staging.app.dev.vodafone.kermit.cloud",
      "ssoEnabled": false,
      "loginRequired": false,
      "verificationRequired": false,
      "connectionRequired": true,
      "modifiedDatetime": 1553522548000,
      "method": "GET",
      "type": "INTERNAL_NO_HEADERS",
      "parameters": {
        "QUERY": {
          "token": "#authtoken"
        }
      },
      "requiredAuth": true,
      "authParams": {
        "locationStatus": "#LOC_PERM_STATUS",
        "third_partner_name": "affinion",
        "location": "#LAT_LON"
      },
      "skipStartup": true
    },
    {
      "id": 99,
      "name": "LOYALTY_CODE",
      "target": "https://staging.app.dev.vodafone.kermit.cloud",
      "ssoEnabled": false,
      "loginRequired": false,
      "verificationRequired": false,
      "connectionRequired": true,
      "modifiedDatetime": 1553522548000,
      "method": "GET",
      "type": "INTERNAL_NO_HEADERS",
      "parameters": {
        "QUERY": {
          "token": "#authtoken"
        }
      },
      "requiredAuth": true,
      "authParams": {
        "locationStatus": "affinion",
        "third_partner_name": "affinion",
        "location": "#LAT_LON"
      },
      "skipStartup": true
    },
    {
      "id": 100,
      "name": "SUB_SWITCHER",
      "target": "myvodafone://switchSubsciption",
      "ssoEnabled": false,
      "loginRequired": true,
      "verificationRequired": false,
      "connectionRequired": false,
      "modifiedDatetime": 1553522550000,
      "type": "APP_SCREEN",
      "requiredAuth": false,
      "skipStartup": false
    },
    {
      "id": 101,
      "name": "SPEND_MANAGER",
      "target": "https://m.vodafone.co.uk/vmobile/faces/app/spendmanager.jspx",
      "ssoEnabled": true,
      "loginRequired": true,
      "verificationRequired": false,
      "connectionRequired": true,
      "modifiedDatetime": 1553522550000,
      "type": "INTERNAL",
      "requiredAuth": false,
      "skipStartup": false
    },
    {
      "id": 102,
      "name": "WIFI_SETTINGS",
      "target": "myvodafone://wifi_settings",
      "ssoEnabled": false,
      "loginRequired": false,
      "verificationRequired": false,
      "connectionRequired": false,
      "modifiedDatetime": 1553522550000,
      "type": "APP_SCREEN",
      "requiredAuth": false,
      "skipStartup": false
    },
    {
      "id": 103,
      "name": "TERMS_AND_CONDITIONS",
      "target": "https://www.vodafone.co.uk/terms-and-conditions/",
      "ssoEnabled": false,
      "loginRequired": false,
      "verificationRequired": false,
      "connectionRequired": false,
      "modifiedDatetime": 1553522550000,
      "type": "EXTERNAL",
      "requiredAuth": false,
      "skipStartup": false
    },
    {
      "id": 104,
      "name": "SERVICE_GUARANTEE",
      "target": "https://www.vodafone.co.uk/serviceguarantee",
      "ssoEnabled": false,
      "loginRequired": false,
      "verificationRequired": false,
      "connectionRequired": false,
      "modifiedDatetime": 1553522550000,
      "type": "EXTERNAL",
      "requiredAuth": false,
      "skipStartup": false
    },
    {
      "id": 105,
      "name": "VISIT_VODAFONE_WEBSITE",
      "target": "https://www.vodafone.co.uk/myvodafone",
      "ssoEnabled": false,
      "loginRequired": false,
      "verificationRequired": false,
      "connectionRequired": false,
      "modifiedDatetime": 1553522550000,
      "type": "EXTERNAL",
      "requiredAuth": false,
      "skipStartup": false
    },
    {
      "id": 106,
      "name": "ECARE_NON_VODAFONE_SIM",
      "target": "https://www.vodafone.co.uk/myaccount",
      "ssoEnabled": false,
      "loginRequired": false,
      "verificationRequired": false,
      "connectionRequired": false,
      "modifiedDatetime": 1553522550000,
      "type": "EXTERNAL",
      "requiredAuth": false,
      "skipStartup": false
    },
    {
      "id": 107,
      "name": "DREAMLAB",
      "target": "https://www.vodafone.co.uk/dreamlab/",
      "ssoEnabled": false,
      "loginRequired": false,
      "verificationRequired": false,
      "connectionRequired": false,
      "modifiedDatetime": 1553522550000,
      "type": "EXTERNAL",
      "requiredAuth": false,
      "skipStartup": false
    },
    {
      "id": 108,
      "name": "TELL_US_WHAT_YOU_THINK",
      "target": "https://vodafone.eu.qualtrics.com/SE/?SID=SV_bJzofXKLDwnru8R",
      "ssoEnabled": false,
      "loginRequired": false,
      "verificationRequired": false,
      "connectionRequired": false,
      "modifiedDatetime": 1553522550000,
      "title": "Tell us what you think",
      "type": "INTERNAL",
      "requiredAuth": false,
      "skipStartup": false
    },
    {
      "id": 109,
      "name": "EXTERNAL_PRIVACY_POLICY",
      "target": "https://vodafone.co.uk/vodafone-uk/app/privacy-policy/index.htm",
      "ssoEnabled": false,
      "loginRequired": false,
      "verificationRequired": false,
      "connectionRequired": false,
      "modifiedDatetime": 1553522550000,
      "type": "EXTERNAL",
      "requiredAuth": false,
      "skipStartup": false
    },
    {
      "id": 110,
      "name": "PREPAY_TOPUP",
      "target": "https://topup.vodafone.co.uk/topup/UnregisteredTopup/MobileApp",
      "ssoEnabled": false,
      "loginRequired": false,
      "verificationRequired": false,
      "connectionRequired": false,
      "modifiedDatetime": 1553522550000,
      "type": "INTERNAL",
      "requiredAuth": false,
      "skipStartup": false
    },
    {
      "id": 111,
      "name": "TLC_THANKS",
      "target": "https://thanks.vodafone.co.uk/users/register",
      "ssoEnabled": false,
      "loginRequired": false,
      "verificationRequired": false,
      "connectionRequired": false,
      "modifiedDatetime": 1553522550000,
      "title": "Something for you",
      "type": "INTERNAL",
      "requiredAuth": false,
      "skipStartup": false
    },
    {
      "id": 112,
      "name": "SECURE_NET",
      "target": "https://securenet.vodafone.co.uk",
      "ssoEnabled": false,
      "loginRequired": false,
      "verificationRequired": false,
      "connectionRequired": false,
      "modifiedDatetime": 1553522550000,
      "type": "EXTERNAL",
      "requiredAuth": false,
      "skipStartup": false
    },
    {
      "id": 113,
      "name": "ECARE_PROXY_FIND_OUT_MORE",
      "target": "https://m.vodafone.co.uk/mobile/we-cant-find-you/index.htm",
      "ssoEnabled": false,
      "loginRequired": false,
      "verificationRequired": false,
      "connectionRequired": false,
      "modifiedDatetime": 1553522550000,
      "type": "EXTERNAL",
      "requiredAuth": false,
      "skipStartup": false
    },
    {
      "id": 114,
      "name": "VODAFONE_FORUM",
      "target": "https://forum.vodafone.co.uk/",
      "ssoEnabled": false,
      "loginRequired": false,
      "verificationRequired": false,
      "connectionRequired": true,
      "modifiedDatetime": 1553522550000,
      "type": "EXTERNAL",
      "requiredAuth": false,
      "skipStartup": false
    },
    {
      "id": 115,
      "name": "REFER_FRIEND",
      "target": "http://www.vodafone.co.uk/refer-a-friend?utm_source=app&utm_medium=BM&utm_campaign=RAF",
      "ssoEnabled": false,
      "loginRequired": false,
      "verificationRequired": false,
      "connectionRequired": false,
      "modifiedDatetime": 1553522550000,
      "type": "EXTERNAL",
      "requiredAuth": false,
      "skipStartup": false
    },
    {
      "id": 116,
      "name": "PAYG_DATA_ROLLOVER_BVB_TERMS",
      "target": "https://www.vodafone.co.uk/bigvaluebundles",
      "ssoEnabled": false,
      "loginRequired": false,
      "verificationRequired": false,
      "connectionRequired": false,
      "modifiedDatetime": 1553522550000,
      "type": "EXTERNAL",
      "requiredAuth": false,
      "skipStartup": false
    },
    {
      "id": 117,
      "name": "TECH_STARTER_SEPT_2018",
      "target": "http://www.vodafone.co.uk/techstarter",
      "ssoEnabled": false,
      "loginRequired": false,
      "verificationRequired": false,
      "connectionRequired": false,
      "modifiedDatetime": 1553522550000,
      "type": "EXTERNAL",
      "requiredAuth": false,
      "skipStartup": false
    },
    {
      "id": 118,
      "name": "AOC",
      "target": "https://m.vodafone.co.uk/vmobile/faces/app/accountcontrol.jspx",
      "ssoEnabled": true,
      "loginRequired": true,
      "verificationRequired": false,
      "connectionRequired": false,
      "modifiedDatetime": 1553522550000,
      "title": "My Account Controls",
      "type": "INTERNAL",
      "requiredAuth": false,
      "skipStartup": false
    },
    {
      "id": 119,
      "name": "ROLL_OVER_FIND_OUT_MORE",
      "target": "http://www.vodafone.co.uk/shop/bundles-and-sims/pay-as-you-go-plans/",
      "ssoEnabled": false,
      "loginRequired": false,
      "verificationRequired": false,
      "connectionRequired": false,
      "modifiedDatetime": 1553522550000,
      "title": "Total Rollover",
      "type": "INTERNAL",
      "requiredAuth": false,
      "skipStartup": false
    },
    {
      "id": 120,
      "name": "PIN_SETUP",
      "target": "myvodafone://passwordlogin",
      "ssoEnabled": false,
      "loginRequired": false,
      "verificationRequired": false,
      "connectionRequired": false,
      "modifiedDatetime": 1553522550000,
      "type": "APP_SCREEN",
      "requiredAuth": false,
      "skipStartup": false
    },
    {
      "id": 121,
      "name": "GET_YOUR_BUNDLE_BVB_ROAMING_WITH_OUT_BVB",
      "target": "tel:2345",
      "ssoEnabled": false,
      "loginRequired": false,
      "verificationRequired": false,
      "connectionRequired": false,
      "modifiedDatetime": 1553522551000,
      "type": "PHONE",
      "requiredAuth": false,
      "skipStartup": false
    },
    {
      "id": 122,
      "name": "ILNG_ELIGIBILITY",
      "target": "http://www.vodafone.co.uk/vodafone-uk/app/network-satisfaction/index.htm",
      "ssoEnabled": false,
      "loginRequired": false,
      "verificationRequired": false,
      "connectionRequired": true,
      "modifiedDatetime": 1553522555000,
      "title": "Eligibility Criteria",
      "type": "INTERNAL",
      "requiredAuth": false,
      "skipStartup": false
    },
    {
      "id": 123,
      "name": "NETWORK_SATISFACTION",
      "target": "myvodafone://networkSatisfaction",
      "ssoEnabled": false,
      "loginRequired": false,
      "verificationRequired": false,
      "connectionRequired": false,
      "modifiedDatetime": 1553522551000,
      "type": "APP_SCREEN",
      "requiredAuth": false,
      "skipStartup": false
    },
    {
      "id": 124,
      "name": "NET_PERFORM",
      "target": "myvodafone://speedChecker",
      "ssoEnabled": false,
      "loginRequired": false,
      "verificationRequired": false,
      "connectionRequired": false,
      "modifiedDatetime": 1553522554000,
      "type": "APP_SCREEN",
      "requiredAuth": false,
      "skipStartup": true
    },
    {
      "id": 125,
      "name": "MORE_ABOUT_SPEED_CHECKER",
      "target": "myvodafone://moreAboutSpeedChecker",
      "ssoEnabled": false,
      "loginRequired": false,
      "verificationRequired": false,
      "connectionRequired": false,
      "modifiedDatetime": 1553522554000,
      "type": "APP_SCREEN",
      "requiredAuth": false,
      "skipStartup": false
    },
    {
      "id": 126,
      "name": "MORE_ABOUT_NETWORK_USAGE",
      "target": "myvodafone://moreAboutNetworkUsage",
      "ssoEnabled": false,
      "loginRequired": false,
      "verificationRequired": false,
      "connectionRequired": false,
      "modifiedDatetime": 1553522554000,
      "type": "APP_SCREEN",
      "requiredAuth": false,
      "skipStartup": false
    },
    {
      "id": 128,
      "name": "ILNG_START",
      "target": "myvodafone://networkFeedbackCenter",
      "ssoEnabled": false,
      "loginRequired": false,
      "verificationRequired": false,
      "connectionRequired": false,
      "modifiedDatetime": 1553522555000,
      "type": "APP_SCREEN",
      "requiredAuth": false,
      "skipStartup": false
    },
    {
      "id": 129,
      "name": "ILNG_NON_ELIGABLE",
      "target": "http://www.vodafone.co.uk/vodafone-uk/app/network-satisfaction/index.htm",
      "ssoEnabled": false,
      "loginRequired": false,
      "verificationRequired": false,
      "connectionRequired": true,
      "modifiedDatetime": 1553522555000,
      "title": "Eligibility Criteria",
      "type": "INTERNAL",
      "requiredAuth": false,
      "skipStartup": false
    },
    {
      "id": 130,
      "name": "ILNG_SUBMIT",
      "target": "myvodafone://dashboard",
      "ssoEnabled": false,
      "loginRequired": false,
      "verificationRequired": false,
      "connectionRequired": false,
      "modifiedDatetime": 1553522555000,
      "title": "Finish",
      "type": "APP_SCREEN",
      "requiredAuth": false,
      "skipStartup": false
    },
    {
      "id": 131,
      "name": "TARIFF_MIGRATION",
      "target": "https://m.vodafone.co.uk/vmobile/faces/app/changeyourplan.jspx",
      "ssoEnabled": true,
      "loginRequired": true,
      "verificationRequired": false,
      "connectionRequired": true,
      "modifiedDatetime": 1553522556000,
      "type": "INTERNAL",
      "requiredAuth": false,
      "skipStartup": true
    },
    {
      "id": 132,
      "name": "TRAVELLING_ABROAD_PLUS",
      "target": "https://www.vodafone.co.uk/explore/costs/travelling-abroad/app/index.htm",
      "ssoEnabled": false,
      "loginRequired": false,
      "verificationRequired": false,
      "connectionRequired": true,
      "modifiedDatetime": 1553522556000,
      "type": "CUSTOM_TAB",
      "requiredAuth": false,
      "skipStartup": false
    },
    {
      "id": 133,
      "name": "PRIVACY_PERMISSIONS",
      "target": "https://m.vodafone.co.uk/vmobile/faces/app/privacysettings.jspx",
      "ssoEnabled": true,
      "loginRequired": true,
      "verificationRequired": false,
      "connectionRequired": true,
      "modifiedDatetime": 1553522557000,
      "title": "Marketing permissions",
      "type": "INTERNAL",
      "requiredAuth": false,
      "skipStartup": false
    },
    {
      "id": 134,
      "name": "EXIT",
      "target": "exit",
      "ssoEnabled": false,
      "loginRequired": false,
      "verificationRequired": false,
      "connectionRequired": false,
      "modifiedDatetime": 1553522558000,
      "type": "APP_SCREEN",
      "requiredAuth": false,
      "skipStartup": false
    },
    {
      "id": 135,
      "name": "MANAGE_GROUP_DATA",
      "target": "myvodafone://manageGroupData",
      "ssoEnabled": false,
      "loginRequired": false,
      "verificationRequired": false,
      "connectionRequired": false,
      "modifiedDatetime": 1553522558000,
      "type": "APP_SCREEN",
      "requiredAuth": false,
      "skipStartup": false
    },
    {
      "id": 136,
      "name": "REDSHARER_SMS",
      "target": "40507",
      "ssoEnabled": false,
      "loginRequired": false,
      "verificationRequired": false,
      "connectionRequired": false,
      "modifiedDatetime": 1553522558000,
      "type": "SMS",
      "requiredAuth": false,
      "skipStartup": false
    },
    {
      "id": 137,
      "name": "ACCOUNT_CONTROL",
      "target": "https://m.vodafone.co.uk/vmobile/faces/app/accountcontrol.jspx",
      "ssoEnabled": true,
      "loginRequired": true,
      "verificationRequired": false,
      "connectionRequired": true,
      "modifiedDatetime": 1553522561000,
      "title": "My Account Controls",
      "type": "INTERNAL",
      "requiredAuth": false,
      "skipStartup": false
    },
    {
      "id": 139,
      "name": "UPDATE_APP",
      "target": "https://play.google.com/store/apps/details?id=com.myvodafoneapp&hl=en",
      "ssoEnabled": false,
      "loginRequired": false,
      "verificationRequired": true,
      "connectionRequired": true,
      "modifiedDatetime": 1555321017000,
      "type": "EXTERNAL",
      "requiredAuth": false,
      "skipStartup": false
    },
    {
      "id": 140,
      "name": "ADDONS_GROUP_DATA",
      "target": "myvodafone://addons/GROUP_DATA",
      "ssoEnabled": false,
      "loginRequired": false,
      "verificationRequired": false,
      "connectionRequired": false,
      "modifiedDatetime": 1553522562000,
      "type": "APP_SCREEN",
      "requiredAuth": false,
      "skipStartup": false
    },
    {
      "id": 141,
      "name": "PAYG_MAY_PROMO",
      "target": "https://www.vodafone.co.uk/topupwinback",
      "ssoEnabled": false,
      "loginRequired": false,
      "verificationRequired": false,
      "connectionRequired": true,
      "modifiedDatetime": 1558291175000,
      "type": "CUSTOM_TAB",
      "requiredAuth": false,
      "skipStartup": false
    },
    {
      "id": 142,
      "name": "ECARE_TEMP_LOGIN",
      "target": "https://www.vodafone.co.uk/myvodafone",
      "ssoEnabled": false,
      "loginRequired": false,
      "verificationRequired": false,
      "connectionRequired": true,
      "modifiedDatetime": 1563269279000,
      "type": "EXTERNAL",
      "requiredAuth": false,
      "skipStartup": false
    },
    {
      "id": 143,
      "name": "TOBi",
      "target": "https://www.vodafone.co.uk/vodafone-uk/app/webchat-ui/index.htm?VODapp-ui",
      "ssoEnabled": false,
      "loginRequired": false,
      "verificationRequired": false,
      "connectionRequired": true,
      "modifiedDatetime": 1564646849000,
      "method": "GET",
      "partner": "NUANCE",
      "type": "INTERNAL_FULL_SCREEN",
      "parameters": {
        "QUERY": {
          "customerId": "#authtoken"
        }
      },
      "requiredAuth": true,
      "authParams": {
        "third_partner_name": "NUANCE"
      },
      "skipStartup": false
    },
    {
      "id": 144,
      "name": "CHORDIANT_W_VoV_NW_TRAFFIC_PERMISSION",
      "target": "https://m.vodafone.co.uk/vodafone-uk/app/permissions/confirmation/?cid=mvavov-danlt/nprod/myvfwb/perm/11.18/ntst",
      "ssoEnabled": false,
      "loginRequired": false,
      "verificationRequired": true,
      "connectionRequired": true,
      "modifiedDatetime": 1563269281000,
      "type": "CUSTOM_TAB",
      "requiredAuth": false,
      "skipStartup": false
    },
    {
      "id": 145,
      "name": "CHORDIANT_W_VoV_HBB_1",
      "target": "http://www.vodafone.co.uk/broadband",
      "ssoEnabled": false,
      "loginRequired": false,
      "verificationRequired": true,
      "connectionRequired": true,
      "modifiedDatetime": 1563269281000,
      "type": "CUSTOM_TAB",
      "requiredAuth": false,
      "skipStartup": false
    },
    {
      "id": 146,
      "name": "CHORDIANT_W_VoV_SIMO_1",
      "target": "http://www.vodafone.co.uk/2019-deals/existing-customers?cid=mvavov-cvm/psmo/simf19/xs/2.19/ntst",
      "ssoEnabled": false,
      "loginRequired": false,
      "verificationRequired": true,
      "connectionRequired": true,
      "modifiedDatetime": 1563269281000,
      "type": "CUSTOM_TAB",
      "requiredAuth": false,
      "skipStartup": false
    },
    {
      "id": 147,
      "name": "CHORDIANT_W_VoV_MBB_1",
      "target": "http://www.vodafone.co.uk/2019-deals/existing-customers?cid=mvavov-cvm/nprod/43515/xs/2.19/ntst",
      "ssoEnabled": false,
      "loginRequired": false,
      "verificationRequired": true,
      "connectionRequired": true,
      "modifiedDatetime": 1563269281000,
      "type": "CUSTOM_TAB",
      "requiredAuth": false,
      "skipStartup": false
    },
    {
      "id": 148,
      "name": "CHORDIANT_W_VoV_HANDSET_1",
      "target": "https://www.vodafone.co.uk/myvodafone/faces/offers?cid=mvavov-cvm/sams/byd/xs/3.19/ntst",
      "ssoEnabled": false,
      "loginRequired": false,
      "verificationRequired": true,
      "connectionRequired": true,
      "modifiedDatetime": 1563269281000,
      "type": "CUSTOM_TAB",
      "requiredAuth": false,
      "skipStartup": false
    },
    {
      "id": 149,
      "name": "CHORDIANT_W_VoV_HBB_1_A",
      "target": "https://www.vodafone.co.uk/broadband/index.htm?cid=mvavov-cvm/hbb/F19BB/xs/2.19/ntst",
      "ssoEnabled": false,
      "loginRequired": false,
      "verificationRequired": true,
      "connectionRequired": true,
      "modifiedDatetime": 1563269281000,
      "type": "CUSTOM_TAB",
      "requiredAuth": false,
      "skipStartup": false
    },
    {
      "id": 150,
      "name": "CHORDIANT_W_VoV_HANDSET_1_A",
      "target": "http://www.vodafone.co.uk/2019-deals/existing-customers?cid=mvavov-cvm/huwe/hm20f/xs/2.19/ntst",
      "ssoEnabled": false,
      "loginRequired": false,
      "verificationRequired": true,
      "connectionRequired": true,
      "modifiedDatetime": 1563269281000,
      "type": "CUSTOM_TAB",
      "requiredAuth": false,
      "skipStartup": false
    },
    {
      "id": 151,
      "name": "CHORDIANT_W_VoV_SIMO_1_A",
      "target": "http://www.vodafone.co.uk/2019-deals/existing-customers?cid=mvavov-cvm/psmo/simf19/xs/2.19/ntst",
      "ssoEnabled": false,
      "loginRequired": false,
      "verificationRequired": true,
      "connectionRequired": true,
      "modifiedDatetime": 1563269281000,
      "type": "CUSTOM_TAB",
      "requiredAuth": false,
      "skipStartup": false
    },
    {
      "id": 152,
      "name": "CHORDIANT_W_PP_VoV_NW_TRAFFIC_PERMISSION",
      "target": "https://m.vodafone.co.uk/vodafone-uk/app/permissions/confirmation/?cid=mvavov-danlt/nprod/myvfwb/perm/11.18/ntst",
      "ssoEnabled": false,
      "loginRequired": false,
      "verificationRequired": true,
      "connectionRequired": true,
      "modifiedDatetime": 1563269281000,
      "type": "CUSTOM_TAB",
      "requiredAuth": false,
      "skipStartup": false
    },
    {
      "id": 153,
      "name": "CHORDIANT_W_VoV_ADHOC_COMMS_01",
      "target": "https://www.vodafone.co.uk/bf2018?cid=mvavov-mva/iph/cyb256/xs//ntst",
      "ssoEnabled": false,
      "loginRequired": false,
      "verificationRequired": true,
      "connectionRequired": true,
      "modifiedDatetime": 1563269281000,
      "type": "CUSTOM_TAB",
      "requiredAuth": false,
      "skipStartup": false
    },
    {
      "id": 154,
      "name": "RESTART",
      "target": "myvodafone://restart",
      "ssoEnabled": false,
      "loginRequired": false,
      "verificationRequired": false,
      "connectionRequired": false,
      "modifiedDatetime": 1563380914000,
      "type": "APP_SCREEN",
      "requiredAuth": false,
      "skipStartup": false
    },
    {
      "id": 155,
      "name": "HELP_CUSTOM",
      "target": "myvodafone://support",
      "ssoEnabled": false,
      "loginRequired": false,
      "verificationRequired": false,
      "connectionRequired": false,
      "modifiedDatetime": 1563380914000,
      "title": "Help",
      "type": "CUSTOM_TAB",
      "requiredAuth": false,
      "skipStartup": false
    },
    {
      "id": 156,
      "name": "LOYALTY_HOME_SUSPENSION_JOURNEY",
      "target": "https://staging.app.dev.vodafone.kermit.cloud",
      "ssoEnabled": false,
      "loginRequired": false,
      "verificationRequired": false,
      "connectionRequired": false,
      "modifiedDatetime": 1563269282000,
      "type": "APP_SCREEN",
      "requiredAuth": false,
      "skipStartup": false
    },
    {
      "id": 157,
      "name": "GENERAL_SUSPENSION_JOURNEY",
      "target": "",
      "ssoEnabled": false,
      "loginRequired": false,
      "verificationRequired": false,
      "connectionRequired": false,
      "modifiedDatetime": 1563269282000,
      "type": "APP_SCREEN",
      "requiredAuth": false,
      "skipStartup": false
    },
    {
      "id": 158,
      "name": "BIG_VALUE_BUNDLE",
      "target": "https://m.vodafone.co.uk/vmobile/faces/app/addbvb.jspx?cid=mvangt-mva/pg/MVFBVB/ups/an/ntst",
      "ssoEnabled": false,
      "loginRequired": false,
      "verificationRequired": false,
      "connectionRequired": true,
      "modifiedDatetime": 1563380914000,
      "title": "Big Value Bundle",
      "type": "INTERNAL",
      "requiredAuth": false,
      "skipStartup": false
    },
    {
      "id": 159,
      "name": "ONE_NUMBER",
      "target": "http://onenumber.vodafone.com/mobile/gb",
      "ssoEnabled": false,
      "loginRequired": false,
      "verificationRequired": false,
      "connectionRequired": true,
      "modifiedDatetime": 1563380914000,
      "type": "EXTERNAL",
      "requiredAuth": false,
      "skipStartup": false
    },
    {
      "id": 160,
      "name": "CHORDIANT_W_PP_VoV_PRE_TO_POSTPAY_1",
      "target": "https://www.vodafone.co.uk/pre-postpay",
      "ssoEnabled": false,
      "loginRequired": false,
      "verificationRequired": true,
      "connectionRequired": true,
      "modifiedDatetime": 1564646849000,
      "type": "CUSTOM_TAB",
      "requiredAuth": false,
      "skipStartup": false
    },
    {
      "id": 161,
      "name": "CHORDIANT_W_PP_VoV_PRE_TO_POSTPAY_2",
      "target": "https://www.vodafone.co.uk/pre-post-extra",
      "ssoEnabled": false,
      "loginRequired": false,
      "verificationRequired": true,
      "connectionRequired": true,
      "modifiedDatetime": 1564646849000,
      "type": "CUSTOM_TAB",
      "requiredAuth": false,
      "skipStartup": false
    },
    {
      "id": 162,
      "name": "DRAWER_REWARDS",
      "target": "myvodafone://rewardsDrawer",
      "ssoEnabled": false,
      "loginRequired": false,
      "verificationRequired": false,
      "connectionRequired": false,
      "modifiedDatetime": 1564646852000,
      "type": "APP_SCREEN",
      "requiredAuth": false,
      "skipStartup": false
    },
    {
      "id": 163,
      "name": "DRAWER_SETTINGS",
      "target": "myvodafone://settings",
      "ssoEnabled": false,
      "loginRequired": false,
      "verificationRequired": false,
      "connectionRequired": false,
      "modifiedDatetime": 1564646852000,
      "type": "APP_SCREEN",
      "requiredAuth": false,
      "skipStartup": false
    },
    {
      "id": 164,
      "name": "STORE_LOCATOR_NEW",
      "target": "https://www.vodafone.co.uk/help-and-information/store-locator",
      "ssoEnabled": false,
      "loginRequired": false,
      "verificationRequired": false,
      "connectionRequired": true,
      "modifiedDatetime": 1564646854000,
      "type": "CUSTOM_TAB",
      "requiredAuth": false,
      "skipStartup": false
    },
    {
      "id": 165,
      "name": "EXPLORE_VODAFONE",
      "target": "https://start.vodafone.com/ssp/myvflink/UK",
      "ssoEnabled": false,
      "loginRequired": false,
      "verificationRequired": false,
      "connectionRequired": true,
      "modifiedDatetime": 1564646854000,
      "type": "CUSTOM_TAB",
      "requiredAuth": false,
      "skipStartup": false
    },
    {
      "id": 166,
      "name": "COVERAGE_CHECKER_NEW",
      "target": "https://maps.vodafone.co.uk/coveragecheckers/web/default.aspx?configuration=vod",
      "ssoEnabled": false,
      "loginRequired": false,
      "verificationRequired": false,
      "connectionRequired": true,
      "modifiedDatetime": 1564917498000,
      "title": "Network Status Checker",
      "type": "INTERNAL",
      "requiredAuth": false,
      "skipStartup": false
    },
    {
      "id": 167,
      "name": "NOTIFICATIONS_NEW",
      "target": "myvodafone://notificationInbox",
      "ssoEnabled": false,
      "loginRequired": false,
      "verificationRequired": false,
      "connectionRequired": false,
      "modifiedDatetime": 1564646854000,
      "type": "APP_SCREEN",
      "requiredAuth": false,
      "skipStartup": false
    },
    {
      "id": 168,
      "name": "ONE_NUMBER",
      "target": "http://onenumber.vodafone.com/mobile/gb",
      "ssoEnabled": false,
      "loginRequired": false,
      "verificationRequired": false,
      "connectionRequired": true,
      "modifiedDatetime": 1564649008000,
      "type": "EXTERNAL",
      "requiredAuth": false,
      "skipStartup": false
    },
    {
      "id": 169,
      "name": "SUBS_OVERLAY",
      "target": "myvodafone://subsOverlay",
      "ssoEnabled": false,
      "loginRequired": false,
      "verificationRequired": false,
      "connectionRequired": true,
      "modifiedDatetime": 1564649010000,
      "type": "APP_SCREEN",
      "requiredAuth": false,
      "skipStartup": false
    },
    {
      "id": 170,
      "name": "SUBS_OVERLAY_PLAN",
      "target": "myvodafone://subsOverlay/plan",
      "ssoEnabled": false,
      "loginRequired": false,
      "verificationRequired": false,
      "connectionRequired": true,
      "modifiedDatetime": 1564649010000,
      "type": "APP_SCREEN",
      "requiredAuth": false,
      "skipStartup": false
    },
    {
      "id": 171,
      "name": "PLAN",
      "target": "myvodafone://plan",
      "ssoEnabled": false,
      "loginRequired": false,
      "verificationRequired": false,
      "connectionRequired": true,
      "modifiedDatetime": 1564649010000,
      "type": "APP_SCREEN",
      "requiredAuth": false,
      "skipStartup": false
    },
    {
      "id": 172,
      "name": "SUBS_OVERLAY_AIRTIME_PLAN",
      "target": "myvodafone://subsOverlay/airtime_plan",
      "ssoEnabled": false,
      "loginRequired": false,
      "verificationRequired": false,
      "connectionRequired": true,
      "modifiedDatetime": 1564649010000,
      "type": "APP_SCREEN",
      "requiredAuth": false,
      "skipStartup": false
    },
    {
      "id": 173,
      "name": "AIRTIME_PLAN",
      "target": "myvodafone://airtimePlan",
      "ssoEnabled": false,
      "loginRequired": false,
      "verificationRequired": false,
      "connectionRequired": true,
      "modifiedDatetime": 1564649010000,
      "type": "APP_SCREEN",
      "requiredAuth": false,
      "skipStartup": false
    },
    {
      "id": 174,
      "name": "SUBS_OVERLAY_DEVICE_PLAN",
      "target": "myvodafone://subsOverlay/device_plan",
      "ssoEnabled": false,
      "loginRequired": false,
      "verificationRequired": false,
      "connectionRequired": true,
      "modifiedDatetime": 1564649010000,
      "type": "APP_SCREEN",
      "requiredAuth": false,
      "skipStartup": false
    },
    {
      "id": 175,
      "name": "DEVICE_PLAN",
      "target": "myvodafone://devicePlan",
      "ssoEnabled": false,
      "loginRequired": false,
      "verificationRequired": false,
      "connectionRequired": true,
      "modifiedDatetime": 1564649010000,
      "type": "APP_SCREEN",
      "requiredAuth": false,
      "skipStartup": false
    },
    {
      "id": 176,
      "name": "SUBS_OVERLAY_USAGE",
      "target": "myvodafone://subsOverlay/usage",
      "ssoEnabled": false,
      "loginRequired": false,
      "verificationRequired": false,
      "connectionRequired": true,
      "modifiedDatetime": 1564649010000,
      "type": "APP_SCREEN",
      "requiredAuth": false,
      "skipStartup": false
    },
    {
      "id": 177,
      "name": "USAGE",
      "target": "myvodafone://usage",
      "ssoEnabled": false,
      "loginRequired": false,
      "verificationRequired": false,
      "connectionRequired": true,
      "modifiedDatetime": 1564649010000,
      "type": "APP_SCREEN",
      "requiredAuth": false,
      "skipStartup": false
    },
    {
      "id": 178,
      "name": "SUBS_OVERLAY_GROUP_DATA",
      "target": "myvodafone://subsOverlay/manage_group_data",
      "ssoEnabled": false,
      "loginRequired": false,
      "verificationRequired": false,
      "connectionRequired": true,
      "modifiedDatetime": 1564649010000,
      "type": "APP_SCREEN",
      "requiredAuth": false,
      "skipStartup": false
    },
    {
      "id": 179,
      "name": "GROUP_DATA",
      "target": "myvodafone://subsOverlay/manage_group_data",
      "ssoEnabled": false,
      "loginRequired": false,
      "verificationRequired": false,
      "connectionRequired": true,
      "modifiedDatetime": 1564649010000,
      "type": "APP_SCREEN",
      "requiredAuth": false,
      "skipStartup": false
    },
    {
      "id": 180,
      "name": "SUBS_OVERLAY_CHARGES",
      "target": "myvodafone://subsOverlay/charges",
      "ssoEnabled": false,
      "loginRequired": false,
      "verificationRequired": false,
      "connectionRequired": true,
      "modifiedDatetime": 1564649010000,
      "type": "APP_SCREEN",
      "requiredAuth": false,
      "skipStartup": false
    },
    {
      "id": 181,
      "name": "CHARGES",
      "target": "myvodafone://charges",
      "ssoEnabled": false,
      "loginRequired": false,
      "verificationRequired": false,
      "connectionRequired": true,
      "modifiedDatetime": 1564649010000,
      "type": "APP_SCREEN",
      "requiredAuth": false,
      "skipStartup": false
    },
    {
      "id": 182,
      "name": "SUBS_OVERLAY_EXTRAS",
      "target": "myvodafone://subsOverlay/extras",
      "ssoEnabled": false,
      "loginRequired": false,
      "verificationRequired": false,
      "connectionRequired": true,
      "modifiedDatetime": 1564649010000,
      "type": "APP_SCREEN",
      "requiredAuth": false,
      "skipStartup": false
    },
    {
      "id": 183,
      "name": "EXTRAS",
      "target": "myvodafone://extras",
      "ssoEnabled": false,
      "loginRequired": false,
      "verificationRequired": false,
      "connectionRequired": true,
      "modifiedDatetime": 1564649010000,
      "type": "APP_SCREEN",
      "requiredAuth": false,
      "skipStartup": false
    },
    {
      "id": 184,
      "name": "SUBS_OVERLAY_UPGRADE",
      "target": "myvodafone://subsOverlay/upgrade",
      "ssoEnabled": false,
      "loginRequired": false,
      "verificationRequired": false,
      "connectionRequired": true,
      "modifiedDatetime": 1564649010000,
      "type": "APP_SCREEN",
      "requiredAuth": false,
      "skipStartup": false
    },
    {
      "id": 185,
      "name": "UPGRADE",
      "target": "myvodafone://upgrade",
      "ssoEnabled": false,
      "loginRequired": false,
      "verificationRequired": false,
      "connectionRequired": true,
      "modifiedDatetime": 1564649010000,
      "type": "APP_SCREEN",
      "requiredAuth": false,
      "skipStartup": false
    },
    {
      "id": 186,
      "name": "SUBS_OVERLAY_TOP_UP",
      "target": "myvodafone://subsOverlay/top_up",
      "ssoEnabled": false,
      "loginRequired": false,
      "verificationRequired": false,
      "connectionRequired": true,
      "modifiedDatetime": 1564649010000,
      "type": "APP_SCREEN",
      "requiredAuth": false,
      "skipStartup": false
    },
    {
      "id": 187,
      "name": "CHANGE_PLAN",
      "target": "https://m.vodafone.co.uk/vmobile/faces/app/addbvb.jspx?cid=mvangt-mva/pg/MVFBVB/ups/an/ntst",
      "ssoEnabled": false,
      "loginRequired": false,
      "verificationRequired": false,
      "connectionRequired": true,
      "modifiedDatetime": 1564649012000,
      "type": "CUSTOM_TAB",
      "requiredAuth": false,
      "skipStartup": false
    },
    {
      "id": 188,
      "name": "DRAWER_ACCOUNT",
      "target": "myvodafone://accountDrawer",
      "ssoEnabled": false,
      "loginRequired": true,
      "verificationRequired": false,
      "connectionRequired": true,
      "modifiedDatetime": 1564649012000,
      "type": "APP_SCREEN",
      "requiredAuth": false,
      "skipStartup": false
    },
    {
      "id": 189,
      "name": "TOBI_BLACK",
      "target": "https://www.vodafone.co.uk/vodafone-uk/app/Webchat-bt/index.htm?VODappbt",
      "ssoEnabled": false,
      "loginRequired": false,
      "verificationRequired": false,
      "connectionRequired": true,
      "modifiedDatetime": 1564649012000,
      "type": "INTERNAL_FULL_SCREEN",
      "requiredAuth": false,
      "skipStartup": false
    },
    {
      "id": 190,
      "name": "SIMPLY_PLAN_CALL_CHARGES",
      "target": "https://www.vodafone.co.uk/explore/costs/call-charges",
      "ssoEnabled": false,
      "loginRequired": false,
      "verificationRequired": false,
      "connectionRequired": true,
      "modifiedDatetime": 1564649012000,
      "type": "INTERNAL",
      "requiredAuth": false,
      "skipStartup": false
    },
    {
      "id": 191,
      "name": "APP_SETTINGS",
      "target": "myvodafone://appSettings",
      "ssoEnabled": false,
      "loginRequired": false,
      "verificationRequired": false,
      "connectionRequired": false,
      "modifiedDatetime": 1564649012000,
      "type": "APP_SCREEN",
      "requiredAuth": false,
      "skipStartup": false
    },
    {
      "id": 192,
      "name": "PRIVACY_SETTINGS",
      "target": "myvodafone://privacySettings",
      "ssoEnabled": false,
      "loginRequired": false,
      "verificationRequired": false,
      "connectionRequired": false,
      "modifiedDatetime": 1564649012000,
      "type": "APP_SCREEN",
      "requiredAuth": false,
      "skipStartup": false
    },
    {
      "id": 193,
      "name": "PAYG_EXTRAS",
      "target": "https://www.vodafone.co.uk/mobile/extras#pay-as-you-go-extras",
      "ssoEnabled": false,
      "loginRequired": false,
      "verificationRequired": false,
      "connectionRequired": false,
      "modifiedDatetime": 1564649014000,
      "type": "CUSTOM_TAB",
      "requiredAuth": false,
      "skipStartup": false
    }
  ]
}