{
  "status": {
    "code": 0,
    "analytics": {
      "status": "SUCCESS",
      "guid": "f14a1e0d-4358-4524-b5c4-9698a66f08f2"
    }
  },
  "lastAPICall": "2019-08-04T12:57:17",
  "content": {
    "latest_bills_screen_title": "Latest bills",
    "latest_bills_graph_comparison_currency": "£",
    "latest_bills_no_bills": "You don't have any bills yet. When it's available, you'll see it here",
    "latest_bills_previous_bills_separator": "Previous bills",
    "latest_bills_graph_comparison_title": "Your account spend in the last \n %bills_count% months:"
  }
}