{
  "status": {
    "code": 0,
    "analytics": {
      "status": "SUCCESS",
      "guid": "d1f4c5df-e9d0-42a9-b734-afc3c6e1b688"
    }
  },
  "lastAPICall": "2019-08-04T12:57:19",
  "content": {
    "ILNG_FORM_DATA_TITLE": "%Phonebook_lookup%'s phone",
    "contact_placeholder": "%Phonebook_lookup%'s phone",
    "ilng_feedback_last_submitted": "Feedback last submitted",
    "ilng_need_more_help": "<b>Need support?</b>",
    "ILNG_FORM_SECONDARY_TITLE": "#phonenumber#",
    "network_satisfaction_header_title": "Network Guarantee",
    "finish_ilng_need_more_help": "<b>Need support?</b>",
    "notification_feedback_message": "Network feedback form is currently in progress",
    "ilng_need_more_help_text": "If you're struggling with an ongoing network issue, please contact our support team, any time 24/7",
    "finish_ilng_need_more_help_text": "If you're struggling with an ongoing network issue, please contact our support team, any time 24/7",
    "finish_ilng_feedback_last_submitted": "Feedback last submitted"
  }
}