{
  "status": {
    "code": 0,
    "analytics": {
      "status": "SUCCESS",
      "guid": "7a16a42f-e0b4-4e88-a5cb-092a0d2a6dc5"
    }
  },
  "lastAPICall": "2019-08-04T12:57:19",
  "content": {
    "red_sharer_successfully_sent_text": "The new data limit is being updated. This usually takes 5 minutes, but can take up to 24 hours.",
    "red_sharer_set_limit_sms": "Send text to set new data limit",
    "red_sharer_successfully_sent_title": "Text sent to %sms_tel%",
    "red_sharer_no_limit_set": "No data limit set",
    "red_sharer_off": "Off",
    "red_plus_current_allowance": "You currently have",
    "red_plus_allowance_header": "Group Data",
    "red_sharer_gb": "GB",
    "red_plus_title": "Manage group data",
    "red_sharer_please_note_text": "Please allow up to 24 hours for changes to take effect"
  }
}