{
  "status": {
    "code": 0,
    "analytics": {
      "status": "SUCCESS",
      "guid": "fc9cde8e-9cce-4356-9f40-88f681b2a4c1"
    }
  },
  "lastAPICall": "2019-08-04T12:57:17",
  "notifications": [
    {
      "id": 11,
      "title": "Good morning %address_book_name%",
      "message": "Welcome to <b>My Vodafone</b>",
      "priority": 100,
      "dismissDuration": 14,
      "dismissDurationUnit": "MONTHS",
      "buttons": [],
      "renderType": "Salutations",
      "triggerType": "TIME",
      "triggerText": "00:00"
    },
    {
      "id": 12,
      "title": "Good afternoon %address_book_name%",
      "message": "Welcome to <b>My Vodafone</b>",
      "priority": 100,
      "dismissDuration": 14,
      "dismissDurationUnit": "MONTHS",
      "buttons": [],
      "renderType": "Salutations",
      "triggerType": "TIME",
      "triggerText": "12:00"
    },
    {
      "id": 13,
      "title": "Good evening %address_book_name%",
      "message": "Welcome to <b>My Vodafone</b>",
      "priority": 97,
      "dismissDuration": 14,
      "dismissDurationUnit": "MONTHS",
      "buttons": [],
      "renderType": "Salutations",
      "triggerType": "TIME",
      "triggerText": "19:00"
    }
  ]
}