{
  "status": {
    "code": 0,
    "analytics": {
      "status": "SUCCESS",
      "guid": "e1608ba4-0fb8-49e5-8f05-d98492b98388"
    }
  },
  "lastAPICall": "2019-08-04T12:57:18",
  "content": {
    "permission_phone_body": "The app requests this permission to understand the phone identity and is required to use the network speed checker in the app.",
    "permission_storage_title": "Photos, media and files",
    "device_permission_status_enabled": "Enabled",
    "permission_contacts_body": "The app requests this permission to show images and names from your contact book if their number appears as part of the subscriptions you can manage in the app.",
    "login_options_touch_id_desc": "Use Touch ID instead of your PIN to access secure information, such as bills, switching between accounts, or upgrading your device. (You'll be prompted to login first, if you aren't already.)",
    "login_options_face_id_toggle_disabled": "Disable Face ID?",
    "settings_fingerprint_toggle_enabled": "Turn off Fingerprint authentication",
    "login_options_enable_fingerprint": "Enable Fingerprint login?",
    "permission_phone_title": "Make and manage phone calls",
    "login_options_touch_id_toggle_enabled": "Enable Touch ID?",
    "permission_contacts_title": "Contacts",
    "permission_dialog_header": "My Vodafone App Permissions",
    "title_app_permissions_settings": "Device permissions",
    "settings_setup_your_pin_button": "Set up your PIN",
    "settings_pin_reset": "Your PIN has been reset",
    "login_options_face_id_desc": "Use Face ID instead of your PIN to access secure information, such as bills, switching between accounts, or upgrading your device. (You'll be prompted to login first, if you aren't already.)",
    "permission_location_title": "Device location",
    "Reset_app_content": "If you're having problems accessing your account, resetting the app can help resolve this.\nTo help us make things faster and easier, your phone number is stored in the My Vodafone app on your device. But sometimes this causes difficulties with seeing your information. If you're having trouble seeing your information, we recommend resetting the app and logging in again.",
    "login_options_set_pin_button": "Set up your PIN",
    "login_options_rest_pin_button": "Reset your PIN",
    "permission_click_string": " <u>Click here</u> to configure this permission",
    "settings_your_pin_has_been_setup": "Your PIN has been set up",
    "permission_notifications_body": "Notifications may include alerts, sounds and icon badges.",
    "my_vodafone_app_version": "App Version: %app_version%",
    "Reset_app_popup": "Are you sure you want us to forget your number?",
    "settings_fingerprint_toggle_disabled": "Turn on Fingerprint authentication",
    "permission_location_body": "The app requests this permission to show you some messages based on your location and collect information about the device location in the background.",
    "Reset_app_cancel": "Cancel",
    "device_permission_location_status_enabled": "Device Location Services enabled",
    "settings_screen_title": "Settings",
    "settings_permission_configure_cta": "Configure permission",
    "settings_pin_management_title": "PIN management",
    "device_permission_status_disabled": "Disabled",
    "permission_storage_body": "The app requests this permission to download your bill to the device.",
    "permission_click_string_android": "<a href=\"\"> Click here</a> to configure this permission",
    "permission_usage_title": "Usage access",
    "premission_dialog_continue": "Continue",
    "login_options_pin_management_title": "PIN management",
    "settings_reset_app_title": "Reset the app",
    "Reset_app_cta": "Reset",
    "settings_reset_pin_button": "Reset your PIN",
    "permission_notifications_title": "Notifications",
    "login_options_discription_label": "User Fingerprint login instead of your PIN to access secure information, such as bills, switching between accounts, or upgrading your device.(You'll be prompted to login first, if you aren't already.)",
    "device_permission_location_status_disabled": "Device Location Services disabled",
    "permission_usage_body": "The app requests this permission to collect data about your usage and optimise network performance.",
    "settings_finger_print_desc": "Quickly authenticate into encrypted services and areas which hold your sensitive data. Switch between all your Mobile, Broadband and Home Phone services, Manage your Broadband and Home Phone bills, See out-of-bundle charges and manage your extras.",
    "login_options_title_label": "Login Options",
    "settings_login_options_title": "Login options",
    "login_options_touch_id_toggle_disabled": "Disable Touch ID?",
    "login_options_face_id_toggle_enabled": "Enable Face ID?"
  }
}