{
  "status": {
    "code": 0,
    "analytics": {
      "status": "SUCCESS",
      "guid": "8a5ecc7b-5387-42f0-9230-b0159de1b551"
    }
  },
  "lastAPICall": "2019-08-04T12:57:18",
  "content": {
    "new_welcome_back_screen_go_to_setting": "If you want to change any permissions, please go into your <u>device settings</u>.",
    "privacy_title_welcome": "Privacy",
    "new_permission_screen_subtitle": "Before you get started, please grant us the permissions below in order to get the best possible app experience.",
    "permission_contacts_title_welcome": "Contact Book",
    "permission_notifications_title_welcome": "Notifications",
    "permission_phone_title_welcome": "Phone Calls",
    "new_permission_screen_title": "Enhance your\nVodafone experience",
    "new_permission_screen_footer_text": "You can change what information we collect and how we communicate at any time via app settings.",
    "welcome_flow_privacy_update_footer": "By tapping \"Continue\" you allow Vodafone to collect and use information as stated in Settings, and agree to the <u><a href='myvodafone://PRIVACY_SUPPLEMENT'>App Privacy Supplement</a></u> and <u><a href='myvodafone://TERMS_AND_CONDITIONS_SETTINGS'>Terms & Conditions.</a></u>",
    "welcome_flow_continue_button": "Continue",
    "new_welcome_screen_enhance_sub_title": "Improve your Vodafone experience by\nlogging in to your account.",
    "setting_terms_agree_cta": "Ok",
    "permission_location_body_welcome": "To help us continuously improve our network by sending us offline feedback. and so you can access our network and speed checker.",
    "setting_terms_agree": "I have read and agree to the terms and conditions",
    "new_welcome_back_screen_go_to_setting_android": "If you want to change any permissions, please go into your <u><a href='myvodafone://DEVICE_SETTINGS'>device settings</a></u>.",
    "permission_location_title_welcome": "Location",
    "welcome_flow_title": "Welcome to\nMy Vodafone",
    "permission_usage_body_welcome": "To collect data about your usage in order to optimise network performance.",
    "new_welcome_screen_no_thanks_cta": "No thanks",
    "welcome_flow_body": "Your account in\nyour hands, 24/7",
    "permission_phone_body_welcome": "To understand the phone identity and so you can use our in app network speed checker.",
    "permission_usage_title_welcome": "Usage",
    "permission_contacts_body_welcome": "To personalise your app experience with a photo and name of anyone on your account, straight from your contact book.",
    "new_welcome_back_continue_cta": "Continue",
    "welcome_flow_footer": "By tapping \"Get started\" you allow Vodafone to collect and use information as stated in Settings, and agree to the <u><a href='myvodafone://PRIVACY_SUPPLEMENT'>App Privacy Supplement</a></u> and <u><a href='myvodafone://TERMS_AND_CONDITIONS_SETTINGS'>Terms & Conditions.</a></u>",
    "new_welcome_back_screen_title": "Welcome back!",
    "permission_notifications_body_welcome": "To receive push notifications from Vodafone and use some of our help and support messaging.",
    "welcome_flow_privacy_update_body": "We've updated our App Privacy Supplement and Terms & Conditions. You can view these using the links below",
    "welcome_flow_start_button": "Get started",
    "privacy_body_welcome": "<b>Network optimisation</b><br><br>By collecting data including location and the performance of your phone we can improve the service we offer to everyone. This data is not linked back to you in any way.<br><br><b>Tailored service and recommendations</b><br><br>We can make personal recommendations and tailor our service based on your location, the quality and use of your connectivity services.",
    "new_welcome_screen_can_register_with_vodafone": "You can also <u><a href='myvodafone://ECARE_REGISTRATION'>register</a></u> if you haven't\nbeen set up with an account yet.",
    "new_welcome_screen_enhance_title": "Enhance your\nVodafone experience",
    "new_welcome_back_screen_sub_title": "We see you have used this app before, so your original permissions choices are still the same",
    "new_permission_screen_cta": "Continue"
  }
}